available_recall,eval_date,matched_cases_recalled,paper_id,pool_available_cases,raw_recall,selected_candidates,threshold
0.0,2024-05-15,0,1,3,0.0,1,0.003782101099560702
0.0,2024-05-15,0,1,3,0.0,2,0.0035575027462364213
0.0,2024-05-15,0,1,3,0.0,3,0.0010347494927642788
0.0,2024-05-15,0,1,3,0.0,4,0.0009424547940173614
0.0,2024-05-15,0,1,3,0.0,5,0.0008067684173652575
0.0,2024-05-15,0,1,3,0.0,7,0.000505094546011971
0.0,2024-05-15,0,1,3,0.0,8,0.0002780122386649802
0.0,2024-05-15,0,1,3,0.0,9,0.00018503463566775172
0.0,2024-05-15,0,1,3,0.0,11,9.297760299722849e-05
0.0,2024-05-15,0,1,3,0.0,12,3.9662243050556623e-19
0.0,2024-05-15,0,1,3,0.0,13,3.656899280507844e-19
0.0,2024-05-15,0,1,3,0.0,14,2.362779649001274e-19
0.0,2024-05-15,0,1,3,0.0,15,1.6034446560543883e-19
1.0,2024-05-15,3,1,3,0.6,103,0.0
0.0,2024-03-21,0,2,0,0.0,1,0.011500954363998514
0.0,2024-03-21,0,2,0,0.0,2,0.0034553382678825816
0.0,2024-03-21,0,2,0,0.0,3,1.857970249671855e-21
0.0,2024-03-21,0,2,0,0.0,4,1.2841853196261344e-21
0.0,2024-03-21,0,2,0,0.0,178,0.0
0.0,2024-09-28,0,3,0,0.0,1,0.007809455687315793
0.0,2024-09-28,0,3,0,0.0,2,0.005495757520364231
0.0,2024-09-28,0,3,0,0.0,3,0.0045107392834685895
0.0,2024-09-28,0,3,0,0.0,4,0.0028689272706673465
0.0,2024-09-28,0,3,0,0.0,5,0.002313698166951561
0.0,2024-09-28,0,3,0,0.0,6,0.0009850182368956423
0.0,2024-09-28,0,3,0,0.0,9,0.0009741887018743415
0.0,2024-09-28,0,3,0,0.0,10,0.000877663499200064
0.0,2024-09-28,0,3,0,0.0,11,0.0005931232334079214
0.0,2024-09-28,0,3,0,0.0,12,0.0005552291037157857
0.0,2024-09-28,0,3,0,0.0,16,0.0005443995686944849
0.0,2024-09-28,0,3,0,0.0,17,0.0001540954469896211
0.0,2024-09-28,0,3,0,0.0,20,5.955319973473743e-05
0.0,2024-09-28,0,3,0,0.0,21,4.87236647134366e-05
0.0,2024-09-28,0,3,0,0.0,22,1.41465598589527e-26
0.0,2024-09-28,0,3,0,0.0,24,9.579864663579739e-27
0.0,2024-09-28,0,3,0,0.0,25,4.7362160457232056e-27
0.0,2024-09-28,0,3,0,0.0,26,3.313967659482333e-27
0.0,2024-09-28,0,3,0,0.0,27,2.5921247957017662e-27
0.0,2024-09-28,0,3,0,0.0,29,2.1440912500214397e-27
0.0,2024-09-28,0,3,0,0.0,32,1.9803777826052465e-27
0.0,2024-09-28,0,3,0,0.0,34,1.855489093612122e-27
0.0,2024-09-28,0,3,0,0.0,35,1.8020031238927107e-27
0.0,2024-09-28,0,3,0,0.0,39,1.4222483862408728e-27
0.0,2024-09-28,0,3,0,0.0,40,1.252062110360805e-27
0.0,2024-09-28,0,3,0,0.0,43,1.169876409460893e-27
0.0,2024-09-28,0,3,0,0.0,44,8.438177165473282e-28
0.0,2024-09-28,0,3,0,0.0,46,6.707707800728338e-28
0.0,2024-09-28,0,3,0,0.0,49,2.882572540634798e-28
0.0,2024-09-28,0,3,0,0.0,167,0.0
0.0,2023-06-30,0,4,0,0.0,1,0.0025134272492183867
0.0,2023-06-30,0,4,0,0.0,2,0.001459842709797123
0.0,2023-06-30,0,4,0,0.0,3,0.0009318395343770777
0.0,2023-06-30,0,4,0,0.0,7,0.0006386811855362414
0.0,2023-06-30,0,4,0,0.0,8,0.0006198703305438213
0.0,2023-06-30,0,4,0,0.0,9,0.0004984828765160909
0.0,2023-06-30,0,4,0,0.0,11,0.0004397300292820135
0.0,2023-06-30,0,4,0,0.0,12,0.0003865439645916582
0.0,2023-06-30,0,4,0,0.0,13,0.0002825646562998396
0.0,2023-06-30,0,4,0,0.0,14,0.0002820652292181088
0.0,2023-06-30,0,4,0,0.0,15,0.00023714844182318339
0.0,2023-06-30,0,4,0,0.0,16,2.5267570333766373e-05
0.0,2023-06-30,0,4,0,0.0,17,3.7403481921429105e-06
0.0,2023-06-30,0,4,0,0.0,19,3.471735881654491e-06
0.0,2023-06-30,0,4,0,0.0,20,1.6822275696401277e-06
0.0,2023-06-30,0,4,0,0.0,125,0.0
0.0,2025-03-18,0,5,0,0.0,1,0.008289305842855914
0.0,2025-03-18,0,5,0,0.0,2,0.0034439382188843812
0.0,2025-03-18,0,5,0,0.0,3,0.0032799411608422676
0.0,2025-03-18,0,5,0,0.0,4,0.0010362135171992294
0.0,2025-03-18,0,5,0,0.0,6,0.0010129230055542298
0.0,2025-03-18,0,5,0,0.0,7,0.00013952125547337982
0.0,2025-03-18,0,5,0,0.0,152,0.0
0.0,2026-03-23,0,6,0,0.0,1,0.014518043788526886
0.0,2026-03-23,0,6,0,0.0,2,0.0072774202379768
0.0,2026-03-23,0,6,0,0.0,3,2.2397724999263596e-11
0.0,2026-03-23,0,6,0,0.0,4,1.8464577378298444e-11
0.0,2026-03-23,0,6,0,0.0,5,1.7070830251719468e-11
0.0,2026-03-23,0,6,0,0.0,6,9.06254317550111e-12
0.0,2026-03-23,0,6,0,0.0,8,7.876326315592846e-13
0.0,2026-03-23,0,6,0,0.0,186,0.0
0.0,2023-06-15,0,7,0,0.0,128,0.0
0.0,2024-05-24,0,8,0,0.0,1,0.005302391275767623
0.0,2024-05-24,0,8,0,0.0,2,0.00010051110414569969
0.0,2024-05-24,0,8,0,0.0,4,0.00010006004681365002
0.0,2024-05-24,0,8,0,0.0,67,0.0
0.0,2023-06-16,0,9,0,0.0,1,5.8400917882274754e-33
0.0,2023-06-16,0,9,0,0.0,2,5.619505713238231e-33
0.0,2023-06-16,0,9,0,0.0,58,0.0
0.0,2023-12-14,0,10,3,0.0,1,0.003804343937501932
0.0,2023-12-14,0,10,3,0.0,2,0.003774045018006411
0.0,2023-12-14,0,10,3,0.0,3,0.003349168251828331
0.0,2023-12-14,0,10,3,0.0,4,0.0012105427416246978
0.0,2023-12-14,0,10,3,0.0,6,6.474804068690432e-05
0.0,2023-12-14,0,10,3,0.0,7,3.0298919495521166e-05
1.0,2023-12-14,3,10,3,0.2727272727272727,52,0.0
0.0,2023-11-06,0,11,1,0.0,2,0.010204274089621268
0.0,2023-11-06,0,11,1,0.0,4,0.0036090906253818376
1.0,2023-11-06,1,11,1,0.5,5,0.001632683854339403
1.0,2023-11-06,1,11,1,0.5,6,0.00045334522692835823
1.0,2023-11-06,1,11,1,0.5,7,0.00043781646007947007
1.0,2023-11-06,1,11,1,0.5,8,2.2077829060553992e-30
1.0,2023-11-06,1,11,1,0.5,9,1.5195591479441271e-30
1.0,2023-11-06,1,11,1,0.5,10,6.882237581112721e-31
1.0,2023-11-06,1,11,1,0.5,159,0.0
0.0,2025-09-23,0,12,0,0.0,1,0.0038576314655668904
0.0,2025-09-23,0,12,0,0.0,2,0.0025609491033621572
0.0,2025-09-23,0,12,0,0.0,3,0.0021169195061595683
0.0,2025-09-23,0,12,0,0.0,4,0.0016700164234013987
0.0,2025-09-23,0,12,0,0.0,5,0.0015832610016204673
0.0,2025-09-23,0,12,0,0.0,6,0.001421315857536665
0.0,2025-09-23,0,12,0,0.0,7,0.0014212326452088546
0.0,2025-09-23,0,12,0,0.0,8,0.0011056704983659973
0.0,2025-09-23,0,12,0,0.0,11,0.0010801368103587295
0.0,2025-09-23,0,12,0,0.0,12,0.0007048306050686864
0.0,2025-09-23,0,12,0,0.0,13,0.0006751687188020163
0.0,2025-09-23,0,12,0,0.0,15,0.000675085506474206
0.0,2025-09-23,0,12,0,0.0,16,0.00019721691709887314
0.0,2025-09-23,0,12,0,0.0,18,7.506173043849221e-05
0.0,2025-09-23,0,12,0,0.0,19,7.324830311066852e-05
0.0,2025-09-23,0,12,0,0.0,20,6.473707377491256e-05
0.0,2025-09-23,0,12,0,0.0,21,6.0474524227739754e-05
0.0,2025-09-23,0,12,0,0.0,22,5.745079801635277e-05
0.0,2025-09-23,0,12,0,0.0,23,3.404491734302386e-05
0.0,2025-09-23,0,12,0,0.0,24,2.0518142148697417e-05
0.0,2025-09-23,0,12,0,0.0,25,9.119174288309964e-06
0.0,2025-09-23,0,12,0,0.0,26,6.815935637920619e-06
0.0,2025-09-23,0,12,0,0.0,27,8.754945519930316e-07
0.0,2025-09-23,0,12,0,0.0,28,8.32123278103976e-08
0.0,2025-09-23,0,12,0,0.0,171,0.0
0.0,2023-07-05,0,13,1,0.0,1,0.0059199557164656275
0.0,2023-07-05,0,13,1,0.0,2,0.0030217514855340514
0.0,2023-07-05,0,13,1,0.0,3,0.0004188479522178111
0.0,2023-07-05,0,13,1,0.0,4,4.6359027895685505e-22
0.0,2023-07-05,0,13,1,0.0,7,7.72650464928092e-23
1.0,2023-07-05,1,13,1,0.3333333333333333,100,0.0
0.0,2024-01-02,0,14,0,0.0,1,0.006474956707894067
0.0,2024-01-02,0,14,0,0.0,2,0.0026685216224835388
0.0,2024-01-02,0,14,0,0.0,3,9.851900249378736e-05
0.0,2024-01-02,0,14,0,0.0,164,0.0
0.0,2024-09-24,0,15,0,0.0,1,0.008069433004821018
0.0,2024-09-24,0,15,0,0.0,2,0.007722463427780148
0.0,2024-09-24,0,15,0,0.0,3,0.007087226965966518
0.0,2024-09-24,0,15,0,0.0,4,0.006431905819030299
0.0,2024-09-24,0,15,0,0.0,5,0.006243528524492492
0.0,2024-09-24,0,15,0,0.0,6,0.006022816795163593
0.0,2024-09-24,0,15,0,0.0,7,0.005925897505171325
0.0,2024-09-24,0,15,0,0.0,8,0.005885391751623545
0.0,2024-09-24,0,15,0,0.0,9,0.0038318768353532307
0.0,2024-09-24,0,15,0,0.0,10,0.0035998809771243087
0.0,2024-09-24,0,15,0,0.0,11,0.0035544852300159395
0.0,2024-09-24,0,15,0,0.0,12,0.003421296514859644
0.0,2024-09-24,0,15,0,0.0,13,0.002916651588618718
0.0,2024-09-24,0,15,0,0.0,14,0.002814600286196907
0.0,2024-09-24,0,15,0,0.0,15,0.002356610598478999
0.0,2024-09-24,0,15,0,0.0,16,0.00226193795946712
0.0,2024-09-24,0,15,0,0.0,17,0.0022194063391095136
0.0,2024-09-24,0,15,0,0.0,18,0.002100470664223834
0.0,2024-09-24,0,15,0,0.0,19,0.002090009630329456
0.0,2024-09-24,0,15,0,0.0,20,0.001958125344298017
0.0,2024-09-24,0,15,0,0.0,21,0.001896539579865642
0.0,2024-09-24,0,15,0,0.0,22,0.0014809739354450207
0.0,2024-09-24,0,15,0,0.0,23,0.0014450259566503954
0.0,2024-09-24,0,15,0,0.0,27,0.0014107974634185293
0.0,2024-09-24,0,15,0,0.0,28,0.0005172601627780268
0.0,2024-09-24,0,15,0,0.0,29,0.0004901318997323223
0.0,2024-09-24,0,15,0,0.0,32,0.00045590340650045603
0.0,2024-09-24,0,15,0,0.0,33,0.00033311205887195326
0.0,2024-09-24,0,15,0,0.0,34,6.159774985035913e-05
0.0,2024-09-24,0,15,0,0.0,35,6.135675627757075e-05
0.0,2024-09-24,0,15,0,0.0,36,4.225622092505489e-05
0.0,2024-09-24,0,15,0,0.0,37,3.4228493231866216e-05
0.0,2024-09-24,0,15,0,0.0,38,2.921944544183702e-05
0.0,2024-09-24,0,15,0,0.0,39,2.1363740952438906e-05
0.0,2024-09-24,0,15,0,0.0,40,1.0364077086010196e-06
0.0,2024-09-24,0,15,0,0.0,139,0.0
0.0,2023-06-23,0,16,0,0.0,100,0.0
0.0,2023-07-07,0,17,0,0.0,1,0.005251914826024782
0.0,2023-07-07,0,17,0,0.0,2,0.0032882965175571642
0.0,2023-07-07,0,17,0,0.0,3,0.0022978206459183985
0.0,2023-07-07,0,17,0,0.0,4,0.0022278751609222255
0.0,2023-07-07,0,17,0,0.0,5,0.0017275176708362503
0.0,2023-07-07,0,17,0,0.0,6,0.0012271349702582357
0.0,2023-07-07,0,17,0,0.0,7,0.0012026899014935988
0.0,2023-07-07,0,17,0,0.0,9,0.000979079902755419
0.0,2023-07-07,0,17,0,0.0,10,0.0007913059591301567
0.0,2023-07-07,0,17,0,0.0,11,0.0007883945896091987
0.0,2023-07-07,0,17,0,0.0,12,0.00066437564829832
0.0,2023-07-07,0,17,0,0.0,13,0.0005510349089745699
0.0,2023-07-07,0,17,0,0.0,15,0.0004472435894937608
0.0,2023-07-07,0,17,0,0.0,16,0.00036388102771364625
0.0,2023-07-07,0,17,0,0.0,18,0.0002856451727907607
0.0,2023-07-07,0,17,0,0.0,19,3.7653675267134615e-05
0.0,2023-07-07,0,17,0,0.0,20,1.314825633652376e-05
0.0,2023-07-07,0,17,0,0.0,21,9.000575619694447e-06
0.0,2023-07-07,0,17,0,0.0,22,1.8911473307005782e-07
0.0,2023-07-07,0,17,0,0.0,124,0.0
0.0,2026-02-05,0,18,0,0.0,1,0.03994904359461769
0.0,2026-02-05,0,18,0,0.0,2,0.0014267515569506316
0.0,2026-02-05,0,18,0,0.0,3,0.0011718786225292696
0.0,2026-02-05,0,18,0,0.0,5,2.822631233666845e-05
0.0,2026-02-05,0,18,0,0.0,183,0.0
0.0,2025-10-12,0,19,0,0.0,1,0.0068220871081285045
0.0,2025-10-12,0,19,0,0.0,2,0.002877751620432941
0.0,2025-10-12,0,19,0,0.0,3,0.0026477727169287282
0.0,2025-10-12,0,19,0,0.0,4,0.0016805141263425058
0.0,2025-10-12,0,19,0,0.0,5,0.0016051969666184718
0.0,2025-10-12,0,19,0,0.0,6,0.0014558943913233443
0.0,2025-10-12,0,19,0,0.0,7,0.0013643358922010324
0.0,2025-10-12,0,19,0,0.0,8,0.0012994451634530484
0.0,2025-10-12,0,19,0,0.0,9,0.0012418446825783389
0.0,2025-10-12,0,19,0,0.0,10,0.0007694930064773678
0.0,2025-10-12,0,19,0,0.0,11,0.0004222452338820085
0.0,2025-10-12,0,19,0,0.0,12,0.0004198207451156003
0.0,2025-10-12,0,19,0,0.0,13,0.00020674555352441815
0.0,2025-10-12,0,19,0,0.0,15,3.7852925102990614e-05
0.0,2025-10-12,0,19,0,0.0,17,2.4244887664081906e-06
0.0,2025-10-12,0,19,0,0.0,19,1.7908102338577306e-06
0.0,2025-10-12,0,19,0,0.0,20,1.4652083731563252e-06
0.0,2025-10-12,0,19,0,0.0,137,0.0
0.0,2026-02-06,0,20,0,0.0,132,0.0
0.0,2026-01-07,0,21,0,0.0,157,0.0
0.0,2025-01-23,0,22,0,0.0,1,4.5887500239223204e-12
0.0,2025-01-23,0,22,0,0.0,2,1.877215918877313e-12
0.0,2025-01-23,0,22,0,0.0,102,0.0
0.0,2023-03-14,0,23,0,0.0,1,7.717998623615585e-12
0.0,2023-03-14,0,23,0,0.0,3,4.2000271579675525e-12
0.0,2023-03-14,0,23,0,0.0,67,0.0
0.0,2025-06-20,0,24,0,0.0,1,0.0
0.0,2025-06-08,0,25,0,0.0,1,0.002700430890129311
0.0,2025-06-08,0,25,0,0.0,3,0.0017552800785840526
0.0,2025-06-08,0,25,0,0.0,4,0.0008164093388763035
0.0,2025-06-08,0,25,0,0.0,97,0.0
0.0,2025-04-04,0,26,0,0.0,1,0.002265076900097083
0.0,2025-04-04,0,26,0,0.0,2,0.0021118312891439867
0.0,2025-04-04,0,26,0,0.0,3,0.0018269168390769954
0.0,2025-04-04,0,26,0,0.0,4,0.0015364226660514438
0.0,2025-04-04,0,26,0,0.0,5,0.0015069533563655461
0.0,2025-04-04,0,26,0,0.0,6,0.0012800866969302793
0.0,2025-04-04,0,26,0,0.0,7,0.0011798940318715767
0.0,2025-04-04,0,26,0,0.0,8,0.0011297228013075905
0.0,2025-04-04,0,26,0,0.0,9,0.0009650462931561042
0.0,2025-04-04,0,26,0,0.0,10,0.0008317657611094875
0.0,2025-04-04,0,26,0,0.0,11,0.0007756126701056505
0.0,2025-04-04,0,26,0,0.0,12,0.0007613809022690354
0.0,2025-04-04,0,26,0,0.0,13,0.0007183231592012007
0.0,2025-04-04,0,26,0,0.0,14,0.0006870436456490047
0.0,2025-04-04,0,26,0,0.0,15,0.0005811641031188759
0.0,2025-04-04,0,26,0,0.0,16,0.0005459204430980894
0.0,2025-04-04,0,26,0,0.0,17,0.0005288566702538052
0.0,2025-04-04,0,26,0,0.0,18,0.00048794948016694
0.0,2025-04-04,0,26,0,0.0,19,0.00046736590203440433
0.0,2025-04-04,0,26,0,0.0,20,0.0004356751237969014
0.0,2025-04-04,0,26,0,0.0,22,0.00043556296040431685
0.0,2025-04-04,0,26,0,0.0,23,0.0003801179792593253
0.0,2025-04-04,0,26,0,0.0,24,0.00036615503489447284
0.0,2025-04-04,0,26,0,0.0,25,0.0003604236768316982
0.0,2025-04-04,0,26,0,0.0,26,0.0003602600680457375
0.0,2025-04-04,0,26,0,0.0,27,0.0003571205880084868
0.0,2025-04-04,0,26,0,0.0,28,0.0003525001861261155
0.0,2025-04-04,0,26,0,0.0,30,0.00035221569704073775
0.0,2025-04-04,0,26,0,0.0,31,0.0003372202435491079
0.0,2025-04-04,0,26,0,0.0,32,0.0003231931321538537
0.0,2025-04-04,0,26,0,0.0,33,0.0003230640055091287
0.0,2025-04-04,0,26,0,0.0,34,0.0003137685151318497
0.0,2025-04-04,0,26,0,0.0,35,0.0003136706768675652
0.0,2025-04-04,0,26,0,0.0,36,0.0002930113035514635
0.0,2025-04-04,0,26,0,0.0,37,0.00028199565802824035
0.0,2025-04-04,0,26,0,0.0,40,0.00027556024025579226
0.0,2025-04-04,0,26,0,0.0,41,0.0002150666616003801
0.0,2025-04-04,0,26,0,0.0,42,0.00016284838692663385
0.0,2025-04-04,0,26,0,0.0,43,0.0001626801418377569
0.0,2025-04-04,0,26,0,0.0,44,9.98167730629453e-05
0.0,2025-04-04,0,26,0,0.0,45,9.00470559670568e-05
0.0,2025-04-04,0,26,0,0.0,46,8.325283332155329e-05
0.0,2025-04-04,0,26,0,0.0,47,6.62761820950903e-05
0.0,2025-04-04,0,26,0,0.0,48,6.534840159763276e-05
0.0,2025-04-04,0,26,0,0.0,49,6.470022566025203e-05
0.0,2025-04-04,0,26,0,0.0,50,6.391304779256741e-05
0.0,2025-04-04,0,26,0,0.0,51,6.334336337268016e-05
0.0,2025-04-04,0,26,0,0.0,52,6.16234299135462e-05
0.0,2025-04-04,0,26,0,0.0,53,5.8310761547682746e-05
0.0,2025-04-04,0,26,0,0.0,54,5.255446250338195e-05
0.0,2025-04-04,0,26,0,0.0,55,5.2544820048750256e-05
0.0,2025-04-04,0,26,0,0.0,56,5.2534623557182237e-05
0.0,2025-04-04,0,26,0,0.0,57,5.250456194846899e-05
0.0,2025-04-04,0,26,0,0.0,58,5.249868315520781e-05
0.0,2025-04-04,0,26,0,0.0,59,5.243678529289777e-05
0.0,2025-04-04,0,26,0,0.0,60,5.239239855588437e-05
0.0,2025-04-04,0,26,0,0.0,68,5.238651976262319e-05
0.0,2025-04-04,0,26,0,0.0,69,1.320444296971487e-05
0.0,2025-04-04,0,26,0,0.0,70,1.010480248089949e-05
0.0,2025-04-04,0,26,0,0.0,71,8.600195191817291e-06
0.0,2025-04-04,0,26,0,0.0,72,7.2275755375392006e-06
0.0,2025-04-04,0,26,0,0.0,73,7.049433678728338e-06
0.0,2025-04-04,0,26,0,0.0,74,6.881188589851411e-06
0.0,2025-04-04,0,26,0,0.0,77,6.435417772448077e-06
0.0,2025-04-04,0,26,0,0.0,80,6.323254379863459e-06
0.0,2025-04-04,0,26,0,0.0,81,2.3573307821219258e-07
0.0,2025-04-04,0,26,0,0.0,82,2.3422355510317237e-07
0.0,2025-04-04,0,26,0,0.0,86,1.1216339258461775e-07
0.0,2025-04-04,0,26,0,0.0,162,0.0
0.0,2025-07-25,0,27,0,0.0,5,0.0020516662986323213
0.0,2025-07-25,0,27,0,0.0,7,4.0600853911944285e-05
0.0,2025-07-25,0,27,0,0.0,8,3.294031543799253e-05
0.0,2025-07-25,0,27,0,0.0,9,1.435430810416352e-06
0.0,2025-07-25,0,27,0,0.0,10,2.0876758643110914e-33
0.0,2025-07-25,0,27,0,0.0,11,2.101637688980934e-34
0.0,2025-07-25,0,27,0,0.0,12,1.9436466628821336e-34
0.0,2025-07-25,0,27,0,0.0,13,1.579910260988003e-35
0.0,2025-07-25,0,27,0,0.0,168,0.0
0.0,2024-04-30,0,28,0,0.0,1,0.003503796870922594
0.0,2024-04-30,0,28,0,0.0,2,0.002901422229180702
0.0,2024-04-30,0,28,0,0.0,3,0.0027431201748659944
0.0,2024-04-30,0,28,0,0.0,4,0.0027044162070589137
0.0,2024-04-30,0,28,0,0.0,5,0.002604823678440667
0.0,2024-04-30,0,28,0,0.0,6,0.002209624239860978
0.0,2024-04-30,0,28,0,0.0,7,0.0019465538171792188
0.0,2024-04-30,0,28,0,0.0,8,0.0014874716494408817
0.0,2024-04-30,0,28,0,0.0,9,0.001316753638996257
0.0,2024-04-30,0,28,0,0.0,10,0.0010413703091093829
0.0,2024-04-30,0,28,0,0.0,11,0.0009556949237367476
0.0,2024-04-30,0,28,0,0.0,12,0.0007894633445332486
0.0,2024-04-30,0,28,0,0.0,13,0.0007786215268716876
0.0,2024-04-30,0,28,0,0.0,145,0.0
0.0,2026-02-06,0,29,0,0.0,1,0.04715813864319628
0.0,2026-02-06,0,29,0,0.0,2,0.00873901172179679
0.0,2026-02-06,0,29,0,0.0,3,0.008601925738240404
0.0,2026-02-06,0,29,0,0.0,4,0.007097904530888309
0.0,2026-02-06,0,29,0,0.0,6,0.0050526577117710305
0.0,2026-02-06,0,29,0,0.0,7,0.0015584821826840705
0.0,2026-02-06,0,29,0,0.0,8,0.0006445419049432131
0.0,2026-02-06,0,29,0,0.0,9,0.0005411951436051357
0.0,2026-02-06,0,29,0,0.0,12,0.0005301908536765394
0.0,2026-02-06,0,29,0,0.0,13,0.00021541486950345733
0.0,2026-02-06,0,29,0,0.0,14,0.00010429277589376055
0.0,2026-02-06,0,29,0,0.0,15,9.328848596516431e-05
0.0,2026-02-06,0,29,0,0.0,16,9.210262338349887e-05
0.0,2026-02-06,0,29,0,0.0,18,5.4839275869688416e-05
0.0,2026-02-06,0,29,0,0.0,19,4.511758870724459e-05
0.0,2026-02-06,0,29,0,0.0,22,3.969729617214961e-06
0.0,2026-02-06,0,29,0,0.0,23,1.1555878120330367e-06
0.0,2026-02-06,0,29,0,0.0,24,1.1225863511727028e-06
0.0,2026-02-06,0,29,0,0.0,25,3.3001460860333806e-08
0.0,2026-02-06,0,29,0,0.0,26,1.3233750745613465e-22
0.0,2026-02-06,0,29,0,0.0,27,1.1972581098945988e-22
0.0,2026-02-06,0,29,0,0.0,28,1.5642327606386504e-30
0.0,2026-02-06,0,29,0,0.0,29,5.687720489127281e-31
0.0,2026-02-06,0,29,0,0.0,30,3.3341809763849574e-31
0.0,2026-02-06,0,29,0,0.0,31,2.5682204818100347e-31
0.0,2026-02-06,0,29,0,0.0,32,2.4328667863117443e-31
0.0,2026-02-06,0,29,0,0.0,33,2.2752709019355508e-31
0.0,2026-02-06,0,29,0,0.0,34,1.8708015350122005e-31
0.0,2026-02-06,0,29,0,0.0,41,1.7121469878733565e-31
0.0,2026-02-06,0,29,0,0.0,42,1.7013612620810226e-31
0.0,2026-02-06,0,29,0,0.0,43,1.622033988511601e-31
0.0,2026-02-06,0,29,0,0.0,44,1.012734918475188e-31
0.0,2026-02-06,0,29,0,0.0,45,9.354007675061003e-32
0.0,2026-02-06,0,29,0,0.0,46,8.560734939366783e-32
0.0,2026-02-06,0,29,0,0.0,47,6.985571639436614e-32
0.0,2026-02-06,0,29,0,0.0,48,5.636411543090506e-32
0.0,2026-02-06,0,29,0,0.0,49,4.054637637029552e-32
0.0,2026-02-06,0,29,0,0.0,50,3.367234007038883e-32
0.0,2026-02-06,0,29,0,0.0,51,3.331745489915722e-32
0.0,2026-02-06,0,29,0,0.0,52,3.263750683999074e-32
0.0,2026-02-06,0,29,0,0.0,53,2.930934002407063e-32
0.0,2026-02-06,0,29,0,0.0,54,2.5384727542215026e-32
0.0,2026-02-06,0,29,0,0.0,55,2.221163659943814e-32
0.0,2026-02-06,0,29,0,0.0,56,1.427890924249595e-32
0.0,2026-02-06,0,29,0,0.0,64,7.932727356942192e-33
0.0,2026-02-06,0,29,0,0.0,191,0.0
0.0,2024-12-01,0,30,0,0.0,1,0.003516798186868399
0.0,2024-12-01,0,30,0,0.0,2,0.0027263424173835705
0.0,2024-12-01,0,30,0,0.0,3,0.0023632989872830715
0.0,2024-12-01,0,30,0,0.0,4,0.0016547805690162016
0.0,2024-12-01,0,30,0,0.0,5,0.0015758502156189942
0.0,2024-12-01,0,30,0,0.0,6,0.0015577223836071364
0.0,2024-12-01,0,30,0,0.0,7,0.0011866612732398746
0.0,2024-12-01,0,30,0,0.0,8,0.0011293314408320262
0.0,2024-12-01,0,30,0,0.0,9,0.0008747415136820798
0.0,2024-12-01,0,30,0,0.0,10,0.000862871907589203
0.0,2024-12-01,0,30,0,0.0,11,0.0005828396972556315
0.0,2024-12-01,0,30,0,0.0,12,0.0005763222041171813
0.0,2024-12-01,0,30,0,0.0,15,0.0005504792983272024
0.0,2024-12-01,0,30,0,0.0,16,0.0005303664170540108
0.0,2024-12-01,0,30,0,0.0,17,0.0004983300665728685
0.0,2024-12-01,0,30,0,0.0,18,0.0004980393358466211
0.0,2024-12-01,0,30,0,0.0,25,0.0004901876093026575
0.0,2024-12-01,0,30,0,0.0,26,7.386392159895067e-05
0.0,2024-12-01,0,30,0,0.0,27,6.931647425661369e-05
0.0,2024-12-01,0,30,0,0.0,28,5.057498736784894e-05
0.0,2024-12-01,0,30,0,0.0,29,4.418408394356384e-05
0.0,2024-12-01,0,30,0,0.0,30,4.021212547239263e-05
0.0,2024-12-01,0,30,0,0.0,31,3.81401420788467e-05
0.0,2024-12-01,0,30,0,0.0,32,3.7771663009032476e-05
0.0,2024-12-01,0,30,0,0.0,33,3.236039892842911e-05
0.0,2024-12-01,0,30,0,0.0,34,2.3155547583568744e-05
0.0,2024-12-01,0,30,0,0.0,35,2.311897260167036e-05
0.0,2024-12-01,0,30,0,0.0,37,1.8993127948347547e-05
0.0,2024-12-01,0,30,0,0.0,38,1.8860214490836346e-05
0.0,2024-12-01,0,30,0,0.0,39,1.5465121512791303e-05
0.0,2024-12-01,0,30,0,0.0,40,1.5033727131893095e-05
0.0,2024-12-01,0,30,0,0.0,41,1.321338479792996e-05
0.0,2024-12-01,0,30,0,0.0,42,1.155948630083518e-05
0.0,2024-12-01,0,30,0,0.0,43,1.0438344799227644e-05
0.0,2024-12-01,0,30,0,0.0,45,1.0159248597078468e-05
0.0,2024-12-01,0,30,0,0.0,47,7.851726543963518e-06
0.0,2024-12-01,0,30,0,0.0,49,7.300728190001166e-06
0.0,2024-12-01,0,30,0,0.0,52,7.182000587929578e-06
0.0,2024-12-01,0,30,0,0.0,53,5.77974315041759e-06
0.0,2024-12-01,0,30,0,0.0,54,1.0938294916533728e-06
0.0,2024-12-01,0,30,0,0.0,55,8.65198226662445e-07
0.0,2024-12-01,0,30,0,0.0,57,2.0736564462786816e-30
0.0,2024-12-01,0,30,0,0.0,59,1.9428853190358807e-30
0.0,2024-12-01,0,30,0,0.0,60,5.977042158876908e-31
0.0,2024-12-01,0,30,0,0.0,63,2.0418222162829817e-31
0.0,2024-12-01,0,30,0,0.0,166,0.0
0.0,2024-04-05,0,31,0,0.0,157,0.0
0.0,2024-06-12,0,32,0,0.0,1,0.0025858403904870614
0.0,2024-06-12,0,32,0,0.0,2,0.0022137349632975144
0.0,2024-06-12,0,32,0,0.0,3,0.0015840901543746572
0.0,2024-06-12,0,32,0,0.0,4,0.0013578129126961193
0.0,2024-06-12,0,32,0,0.0,5,0.000960522216882424
0.0,2024-06-12,0,32,0,0.0,6,0.0006503342100546144
0.0,2024-06-12,0,32,0,0.0,7,0.0006373136614447614
0.0,2024-06-12,0,32,0,0.0,8,0.0006300106102684595
0.0,2024-06-12,0,32,0,0.0,10,0.0006114032174779378
0.0,2024-06-12,0,32,0,0.0,11,2.0689401131757142e-05
0.0,2024-06-12,0,32,0,0.0,12,7.668852521904235e-06
0.0,2024-06-12,0,32,0,0.0,13,1.0829983736211596e-27
0.0,2024-06-12,0,32,0,0.0,14,9.0679037384161e-28
0.0,2024-06-12,0,32,0,0.0,16,6.026526127956054e-28
0.0,2024-06-12,0,32,0,0.0,18,5.016287174442949e-28
0.0,2024-06-12,0,32,0,0.0,20,3.694236257850002e-28
0.0,2024-06-12,0,32,0,0.0,83,0.0
0.0,2024-08-27,0,33,0,0.0,1,0.005448564675592392
0.0,2024-08-27,0,33,0,0.0,2,0.000975006310369165
0.0,2024-08-27,0,33,0,0.0,93,0.0
0.0,2023-10-12,0,34,0,0.0,1,0.003475422723593284
0.0,2023-10-12,0,34,0,0.0,2,0.0025422262483707258
0.0,2023-10-12,0,34,0,0.0,3,0.002378195297896673
0.0,2023-10-12,0,34,0,0.0,4,0.0023649490227456165
0.0,2023-10-12,0,34,0,0.0,5,0.0015814912822229904
0.0,2023-10-12,0,34,0,0.0,6,0.0014508149878657366
0.0,2023-10-12,0,34,0,0.0,7,0.0010738938056565324
0.0,2023-10-12,0,34,0,0.0,10,0.0010516125832011592
0.0,2023-10-12,0,34,0,0.0,11,0.001022526981221691
0.0,2023-10-12,0,34,0,0.0,12,0.0010113993447869378
0.0,2023-10-12,0,34,0,0.0,13,0.0009219513055222021
0.0,2023-10-12,0,34,0,0.0,14,0.0008729513425408199
0.0,2023-10-12,0,34,0,0.0,15,0.0007246503356740798
0.0,2023-10-12,0,34,0,0.0,16,0.0007032912931999671
0.0,2023-10-12,0,34,0,0.0,17,0.0006882358298085786
0.0,2023-10-12,0,34,0,0.0,18,0.0006266857256656459
0.0,2023-10-12,0,34,0,0.0,19,0.0006248759018214963
0.0,2023-10-12,0,34,0,0.0,20,0.0004726470535129812
0.0,2023-10-12,0,34,0,0.0,21,0.00043983023433499357
0.0,2023-10-12,0,34,0,0.0,24,0.00039920240466457727
0.0,2023-10-12,0,34,0,0.0,25,0.00030855938540350086
0.0,2023-10-12,0,34,0,0.0,26,0.00030496060563768243
0.0,2023-10-12,0,34,0,0.0,27,0.0002914338254945353
0.0,2023-10-12,0,34,0,0.0,28,0.0002590738508891293
0.0,2023-10-12,0,34,0,0.0,29,0.00025028326922659747
0.0,2023-10-12,0,34,0,0.0,30,0.00023542634511697328
0.0,2023-10-12,0,34,0,0.0,31,0.000233714767644711
0.0,2023-10-12,0,34,0,0.0,32,0.00023119822188477854
0.0,2023-10-12,0,34,0,0.0,33,0.00022893511532870643
0.0,2023-10-12,0,34,0,0.0,45,0.0002274833210010687
0.0,2023-10-12,0,34,0,0.0,46,9.504867953761322e-05
0.0,2023-10-12,0,34,0,0.0,47,4.944286157769221e-05
0.0,2023-10-12,0,34,0,0.0,48,1.2154800035266343e-05
0.0,2023-10-12,0,34,0,0.0,49,1.0435005891047413e-05
0.0,2023-10-12,0,34,0,0.0,50,6.473186919004262e-06
0.0,2023-10-12,0,34,0,0.0,51,4.586252863747025e-06
0.0,2023-10-12,0,34,0,0.0,55,3.714900883709822e-06
0.0,2023-10-12,0,34,0,0.0,56,3.7023913439218712e-06
0.0,2023-10-12,0,34,0,0.0,57,3.5773119620909387e-06
0.0,2023-10-12,0,34,0,0.0,58,2.9789598618502836e-06
0.0,2023-10-12,0,34,0,0.0,59,1.451794327637737e-06
0.0,2023-10-12,0,34,0,0.0,168,0.0
0.0,2024-11-10,0,35,0,0.0,1,0.005955684261002082
0.0,2024-11-10,0,35,0,0.0,2,0.005831837365119847
0.0,2024-11-10,0,35,0,0.0,3,0.003785817501501415
0.0,2024-11-10,0,35,0,0.0,4,0.0027186225793934117
0.0,2024-11-10,0,35,0,0.0,8,0.0017476859438957644
0.0,2024-11-10,0,35,0,0.0,9,0.0008014354724362457
0.0,2024-11-10,0,35,0,0.0,10,0.0004849343918465417
0.0,2024-11-10,0,35,0,0.0,163,0.0
0.0,2024-01-19,0,36,0,0.0,1,0.002300344779994193
0.0,2024-01-19,0,36,0,0.0,2,0.0021931415388608483
0.0,2024-01-19,0,36,0,0.0,3,0.0013911873362841126
0.0,2024-01-19,0,36,0,0.0,4,0.0012595219637840979
0.0,2024-01-19,0,36,0,0.0,5,0.0011931279850071557
0.0,2024-01-19,0,36,0,0.0,6,0.00108209111853026
0.0,2024-01-19,0,36,0,0.0,7,0.0010741167057719645
0.0,2024-01-19,0,36,0,0.0,8,0.0009441373488352068
0.0,2024-01-19,0,36,0,0.0,9,0.0009197526232667281
0.0,2024-01-19,0,36,0,0.0,10,0.0009113308971766511
0.0,2024-01-19,0,36,0,0.0,11,0.0007235551706844818
0.0,2024-01-19,0,36,0,0.0,12,0.0005719227587330341
0.0,2024-01-19,0,36,0,0.0,13,0.0005359667930996161
0.0,2024-01-19,0,36,0,0.0,14,0.0005317787086380149
0.0,2024-01-19,0,36,0,0.0,15,0.00039123845222354385
0.0,2024-01-19,0,36,0,0.0,18,0.00037258683029650234
0.0,2024-01-19,0,36,0,0.0,19,0.00034969951997112115
0.0,2024-01-19,0,36,0,0.0,23,0.00031120652502558357
0.0,2024-01-19,0,36,0,0.0,24,0.0002688168101900625
0.0,2024-01-19,0,36,0,0.0,25,0.00016784380885627066
0.0,2024-01-19,0,36,0,0.0,28,0.00014049614964747217
0.0,2024-01-19,0,36,0,0.0,29,4.3326311458111e-05
0.0,2024-01-19,0,36,0,0.0,30,1.0593799038309942e-05
0.0,2024-01-19,0,36,0,0.0,31,9.908674148740803e-06
0.0,2024-01-19,0,36,0,0.0,33,4.878116503995472e-06
0.0,2024-01-19,0,36,0,0.0,36,1.2200605688562811e-06
0.0,2024-01-19,0,36,0,0.0,106,0.0
0.0,2023-10-24,0,38,0,0.0,1,0.002693724974155815
0.0,2023-10-24,0,38,0,0.0,2,0.0021795867111834375
0.0,2023-10-24,0,38,0,0.0,3,0.0021495919877812385
0.0,2023-10-24,0,38,0,0.0,4,0.002116515765013379
0.0,2023-10-24,0,38,0,0.0,6,0.0021164981939795686
0.0,2023-10-24,0,38,0,0.0,7,0.0016932064577565198
0.0,2023-10-24,0,38,0,0.0,9,0.001693198555183655
0.0,2023-10-24,0,38,0,0.0,10,0.0004725155097848054
0.0,2023-10-24,0,38,0,0.0,11,0.00015978557748212393
0.0,2023-10-24,0,38,0,0.0,12,9.343843363131248e-05
0.0,2023-10-24,0,38,0,0.0,13,8.727710693429699e-05
0.0,2023-10-24,0,38,0,0.0,14,3.3973540892256584e-05
0.0,2023-10-24,0,38,0,0.0,15,2.3443084920088098e-05
0.0,2023-10-24,0,38,0,0.0,16,2.296432815032846e-05
0.0,2023-10-24,0,38,0,0.0,17,2.236950635082478e-05
0.0,2023-10-24,0,38,0,0.0,18,2.196418518780338e-05
0.0,2023-10-24,0,38,0,0.0,19,2.1899089209175283e-05
0.0,2023-10-24,0,38,0,0.0,20,2.1718684326539213e-05
0.0,2023-10-24,0,38,0,0.0,21,2.161924165570528e-05
0.0,2023-10-24,0,38,0,0.0,26,2.1435503363022953e-05
0.0,2023-10-24,0,38,0,0.0,27,7.133098872255377e-06
0.0,2023-10-24,0,38,0,0.0,28,6.825467541528406e-06
0.0,2023-10-24,0,38,0,0.0,29,6.796468481139846e-06
0.0,2023-10-24,0,38,0,0.0,30,1.3177460998398147e-06
0.0,2023-10-24,0,38,0,0.0,31,1.2615349763890862e-06
0.0,2023-10-24,0,38,0,0.0,32,1.2154758932096065e-06
0.0,2023-10-24,0,38,0,0.0,33,1.1314130508235445e-06
0.0,2023-10-24,0,38,0,0.0,34,1.094918540171138e-06
0.0,2023-10-24,0,38,0,0.0,35,9.340029878018267e-07
0.0,2023-10-24,0,38,0,0.0,36,7.890756701289576e-07
0.0,2023-10-24,0,38,0,0.0,37,7.030129446002905e-07
0.0,2023-10-24,0,38,0,0.0,38,6.916808961131013e-07
0.0,2023-10-24,0,38,0,0.0,39,6.913558726339246e-07
0.0,2023-10-24,0,38,0,0.0,40,6.167010900542706e-07
0.0,2023-10-24,0,38,0,0.0,41,4.635858461523318e-07
0.0,2023-10-24,0,38,0,0.0,42,4.2150115404907355e-07
0.0,2023-10-24,0,38,0,0.0,43,4.061559240095077e-07
0.0,2023-10-24,0,38,0,0.0,44,3.6388826063409045e-07
0.0,2023-10-24,0,38,0,0.0,45,3.4792939666139683e-07
0.0,2023-10-24,0,38,0,0.0,47,3.432092636896289e-07
0.0,2023-10-24,0,38,0,0.0,48,3.3702758991065347e-07
0.0,2023-10-24,0,38,0,0.0,51,1.837382926823266e-07
0.0,2023-10-24,0,38,0,0.0,52,3.8455861136348775e-08
0.0,2023-10-24,0,38,0,0.0,53,3.0436800844318735e-08
0.0,2023-10-24,0,38,0,0.0,54,1.7319494293716132e-08
0.0,2023-10-24,0,38,0,0.0,55,1.3691931114498038e-08
0.0,2023-10-24,0,38,0,0.0,56,1.1098382080918161e-08
0.0,2023-10-24,0,38,0,0.0,57,7.048867753973465e-09
0.0,2023-10-24,0,38,0,0.0,58,6.3861885108895215e-09
0.0,2023-10-24,0,38,0,0.0,60,3.008386567079431e-09
0.0,2023-10-24,0,38,0,0.0,61,2.2314546873447649e-10
0.0,2023-10-24,0,38,0,0.0,62,2.011059033449513e-10
0.0,2023-10-24,0,38,0,0.0,174,0.0
0.0,2025-08-07,0,39,0,0.0,192,0.0
0.0,2025-11-07,0,40,0,0.0,1,0.004240993280395108
0.0,2025-11-07,0,40,0,0.0,2,0.0017221292316237631
0.0,2025-11-07,0,40,0,0.0,3,0.0016127720925446186
0.0,2025-11-07,0,40,0,0.0,4,0.0008178256441709683
0.0,2025-11-07,0,40,0,0.0,5,0.0007749395478155467
0.0,2025-11-07,0,40,0,0.0,145,0.0
0.0,2025-01-18,0,41,0,0.0,1,0.007966692424150393
0.0,2025-01-18,0,41,0,0.0,2,0.005679296835463205
0.0,2025-01-18,0,41,0,0.0,3,0.002560121032707949
0.0,2025-01-18,0,41,0,0.0,4,0.0018021904638141485
0.0,2025-01-18,0,41,0,0.0,6,0.0007579305688938005
0.0,2025-01-18,0,41,0,0.0,145,0.0
0.0,2025-04-25,0,42,1,0.0,1,0.02538130379636145
1.0,2025-04-25,1,42,1,0.2,137,0.0
0.0,2024-01-04,0,43,0,0.0,1,0.00556951867259168
0.0,2024-01-04,0,43,0,0.0,2,0.004952869255008983
0.0,2024-01-04,0,43,0,0.0,3,0.0024087503601706653
0.0,2024-01-04,0,43,0,0.0,4,0.00199875029886502
0.0,2024-01-04,0,43,0,0.0,5,0.0015228573705638247
0.0,2024-01-04,0,43,0,0.0,6,0.0014005435279249073
0.0,2024-01-04,0,43,0,0.0,7,0.0012030226571658586
0.0,2024-01-04,0,43,0,0.0,8,0.000987753409242664
0.0,2024-01-04,0,43,0,0.0,10,0.0005160578577039502
0.0,2024-01-04,0,43,0,0.0,11,0.0004450266060972478
0.0,2024-01-04,0,43,0,0.0,14,0.0004100000613056451
0.0,2024-01-04,0,43,0,0.0,15,2.2704233141655228e-33
0.0,2024-01-04,0,43,0,0.0,16,2.0729951998902615e-33
0.0,2024-01-04,0,43,0,0.0,123,0.0
0.0,2024-06-05,0,44,0,0.0,1,0.002780641795546252
0.0,2024-06-05,0,44,0,0.0,2,0.0015405057333401577
0.0,2024-06-05,0,44,0,0.0,3,0.0011883814185011331
0.0,2024-06-05,0,44,0,0.0,4,0.0011030182778287813
0.0,2024-06-05,0,44,0,0.0,5,0.0007121552863616314
0.0,2024-06-05,0,44,0,0.0,6,0.000678413633291908
0.0,2024-06-05,0,44,0,0.0,7,0.0005998588098395135
0.0,2024-06-05,0,44,0,0.0,8,0.0005922166537381062
0.0,2024-06-05,0,44,0,0.0,9,0.000493149922244211
0.0,2024-06-05,0,44,0,0.0,10,0.0002456499381268072
0.0,2024-06-05,0,44,0,0.0,11,0.00022920082636579138
0.0,2024-06-05,0,44,0,0.0,12,0.00022869191990816212
0.0,2024-06-05,0,44,0,0.0,13,0.00022861804694220404
0.0,2024-06-05,0,44,0,0.0,14,0.0002169647220225171
0.0,2024-06-05,0,44,0,0.0,15,0.0002066367658835133
0.0,2024-06-05,0,44,0,0.0,18,0.00019749981539097117
0.0,2024-06-05,0,44,0,0.0,19,6.154988654616182e-06
0.0,2024-06-05,0,44,0,0.0,104,0.0
0.0,2024-03-01,0,45,0,0.0,1,0.004965248534712432
0.0,2024-03-01,0,45,0,0.0,2,0.0035952574299180605
0.0,2024-03-01,0,45,0,0.0,3,0.003501132653684438
0.0,2024-03-01,0,45,0,0.0,5,0.0028637870835157104
0.0,2024-03-01,0,45,0,0.0,6,0.002266235980728758
0.0,2024-03-01,0,45,0,0.0,7,0.0016851794967640357
0.0,2024-03-01,0,45,0,0.0,8,0.00140662922941785
0.0,2024-03-01,0,45,0,0.0,9,0.0009238856424180674
0.0,2024-03-01,0,45,0,0.0,12,0.0006608739423497795
0.0,2024-03-01,0,45,0,0.0,13,0.000508767743079994
0.0,2024-03-01,0,45,0,0.0,14,1.8659987927741477e-05
0.0,2024-03-01,0,45,0,0.0,16,6.455308031093396e-57
0.0,2024-03-01,0,45,0,0.0,157,0.0
0.0,2026-01-28,0,46,0,0.0,1,0.006211132738025672
0.0,2026-01-28,0,46,0,0.0,2,0.005002409498475155
0.0,2026-01-28,0,46,0,0.0,3,0.003528109892631218
0.0,2026-01-28,0,46,0,0.0,4,0.003152572848641044
0.0,2026-01-28,0,46,0,0.0,5,0.002913746624270519
0.0,2026-01-28,0,46,0,0.0,6,0.0023985756333615017
0.0,2026-01-28,0,46,0,0.0,7,0.002012274933017327
0.0,2026-01-28,0,46,0,0.0,8,0.0015720133458803553
0.0,2026-01-28,0,46,0,0.0,9,0.0014900578998327221
0.0,2026-01-28,0,46,0,0.0,10,0.0014288942987519591
0.0,2026-01-28,0,46,0,0.0,11,0.0012630414259155128
0.0,2026-01-28,0,46,0,0.0,12,0.0011768126118394426
0.0,2026-01-28,0,46,0,0.0,15,0.0010882558548762622
0.0,2026-01-28,0,46,0,0.0,17,0.0009317960028761048
0.0,2026-01-28,0,46,0,0.0,18,0.000702170438722338
0.0,2026-01-28,0,46,0,0.0,19,0.0006455573173489603
0.0,2026-01-28,0,46,0,0.0,20,0.0005330369626396944
0.0,2026-01-28,0,46,0,0.0,21,0.000508222738142132
0.0,2026-01-28,0,46,0,0.0,23,0.0004751539648051286
0.0,2026-01-28,0,46,0,0.0,24,8.855675696318022e-05
0.0,2026-01-28,0,46,0,0.0,25,5.7615037505457226e-05
0.0,2026-01-28,0,46,0,0.0,26,3.087093217843509e-05
0.0,2026-01-28,0,46,0,0.0,27,2.1615896386142375e-05
0.0,2026-01-28,0,46,0,0.0,28,2.5915765876362803e-06
0.0,2026-01-28,0,46,0,0.0,164,0.0
0.0,2024-03-08,0,47,0,0.0,2,1.3114370671393422e-22
0.0,2024-03-08,0,47,0,0.0,4,1.3114370671393412e-22
0.0,2024-03-08,0,47,0,0.0,5,1.0531237054300774e-22
0.0,2024-03-08,0,47,0,0.0,7,6.557185335696711e-23
0.0,2024-03-08,0,47,0,0.0,160,0.0
0.0,2023-01-11,0,48,0,0.0,155,0.0
0.0,2025-07-14,0,49,0,0.0,1,0.004292088408809813
0.0,2025-07-14,0,49,0,0.0,2,0.0041742724935707135
0.0,2025-07-14,0,49,0,0.0,3,0.0022803149713344966
0.0,2025-07-14,0,49,0,0.0,5,0.002146768710979224
0.0,2025-07-14,0,49,0,0.0,6,0.0017985191648925204
0.0,2025-07-14,0,49,0,0.0,7,0.0017076569291880194
0.0,2025-07-14,0,49,0,0.0,9,0.0015027380976854572
0.0,2025-07-14,0,49,0,0.0,10,0.0007644025979677263
0.0,2025-07-14,0,49,0,0.0,11,9.68330491106329e-05
0.0,2025-07-14,0,49,0,0.0,14,6.218853362872776e-05
0.0,2025-07-14,0,49,0,0.0,15,1.4501235341607888e-05
0.0,2025-07-14,0,49,0,0.0,16,5.149539894096324e-06
0.0,2025-07-14,0,49,0,0.0,185,0.0
0.0,2023-09-05,0,50,0,0.0,1,0.005877312567754377
0.0,2023-09-05,0,50,0,0.0,2,0.002803303864158171
0.0,2023-09-05,0,50,0,0.0,3,0.00259569162490479
0.0,2023-09-05,0,50,0,0.0,4,0.001732081185837335
0.0,2023-09-05,0,50,0,0.0,6,0.0016709771156558258
0.0,2023-09-05,0,50,0,0.0,7,0.0015511808704281242
0.0,2023-09-05,0,50,0,0.0,8,0.0013102433980016978
0.0,2023-09-05,0,50,0,0.0,9,0.001268928321809889
0.0,2023-09-05,0,50,0,0.0,12,0.0009516733119428635
0.0,2023-09-05,0,50,0,0.0,13,8.125659130877206e-05
0.0,2023-09-05,0,50,0,0.0,14,6.757530988668987e-05
0.0,2023-09-05,0,50,0,0.0,15,3.592134634750674e-05
0.0,2023-09-05,0,50,0,0.0,17,1.4180392005111351e-05
0.0,2023-09-05,0,50,0,0.0,18,4.0225452817130003e-07
0.0,2023-09-05,0,50,0,0.0,20,1.6906240514118534e-37
0.0,2023-09-05,0,50,0,0.0,21,1.6906240514118532e-37
0.0,2023-09-05,0,50,0,0.0,160,0.0
0.0,2026-03-12,0,51,0,0.0,1,0.006674029797438342
0.0,2026-03-12,0,51,0,0.0,2,0.002492798493036887
0.0,2026-03-12,0,51,0,0.0,12,0.0023739719366483547
0.0,2026-03-12,0,51,0,0.0,14,0.00028857877980072107
0.0,2026-03-12,0,51,0,0.0,15,8.594078573889895e-05
0.0,2026-03-12,0,51,0,0.0,18,8.159667379141114e-05
0.0,2026-03-12,0,51,0,0.0,140,0.0
0.0,2025-03-12,0,52,0,0.0,181,0.0
0.0,2024-07-28,0,53,0,0.0,1,0.002696297506333403
0.0,2024-07-28,0,53,0,0.0,184,0.0
0.0,2025-11-13,0,54,0,0.0,3,0.003824149628360661
0.0,2025-11-13,0,54,0,0.0,149,0.0
0.0,2026-02-25,0,55,0,0.0,154,0.0
0.0,2026-03-05,0,56,0,0.0,1,1.2346028172327575e-15
0.0,2026-03-05,0,56,0,0.0,2,8.355985563308366e-16
0.0,2026-03-05,0,56,0,0.0,3,7.693300836298662e-16
0.0,2026-03-05,0,56,0,0.0,4,5.964914567943453e-16
0.0,2026-03-05,0,56,0,0.0,5,4.847098851490454e-16
0.0,2026-03-05,0,56,0,0.0,6,4.163255658857294e-16
0.0,2026-03-05,0,56,0,0.0,7,4.038467259588819e-16
0.0,2026-03-05,0,56,0,0.0,10,3.728106217440793e-16
0.0,2026-03-05,0,56,0,0.0,11,3.0913369554697123e-16
0.0,2026-03-05,0,56,0,0.0,12,2.4660426331346447e-16
0.0,2026-03-05,0,56,0,0.0,14,1.3107492970631446e-16
0.0,2026-03-05,0,56,0,0.0,174,0.0
0.0,2026-01-27,0,57,0,0.0,106,0.0
0.0,2025-12-03,0,58,0,0.0,1,0.0023942887248746517
0.0,2025-12-03,0,58,0,0.0,163,0.0
0.0,2023-02-17,0,59,0,0.0,1,0.002377109516584001
0.0,2023-02-17,0,59,0,0.0,2,0.002286502705223462
0.0,2023-02-17,0,59,0,0.0,3,0.0014719795128375803
0.0,2023-02-17,0,59,0,0.0,4,0.0010998614110183467
0.0,2023-02-17,0,59,0,0.0,5,0.0010054924852065904
0.0,2023-02-17,0,59,0,0.0,6,0.000973160555661137
0.0,2023-02-17,0,59,0,0.0,7,0.0009591226415711885
0.0,2023-02-17,0,59,0,0.0,8,0.0009526202597731596
0.0,2023-02-17,0,59,0,0.0,9,0.0008877698886350151
0.0,2023-02-17,0,59,0,0.0,10,0.0008533213649275902
0.0,2023-02-17,0,59,0,0.0,11,0.0005455661185602626
0.0,2023-02-17,0,59,0,0.0,12,0.000536767502613678
0.0,2023-02-17,0,59,0,0.0,15,0.00047342087534680665
0.0,2023-02-17,0,59,0,0.0,16,0.00046886702417592394
0.0,2023-02-17,0,59,0,0.0,17,8.434413188987766e-06
0.0,2023-02-17,0,59,0,0.0,18,1.412040044307241e-07
0.0,2023-02-17,0,59,0,0.0,20,8.375785808825895e-10
0.0,2023-02-17,0,59,0,0.0,154,0.0
0.0,2024-08-19,0,60,0,0.0,1,0.002675344239916649
0.0,2024-08-19,0,60,0,0.0,2,0.0019792414907276105
0.0,2024-08-19,0,60,0,0.0,3,0.0018057417112138897
0.0,2024-08-19,0,60,0,0.0,4,0.0017537441662567894
0.0,2024-08-19,0,60,0,0.0,5,0.0017278337340270642
0.0,2024-08-19,0,60,0,0.0,6,0.0016640731776461774
0.0,2024-08-19,0,60,0,0.0,7,0.0009858483120713986
0.0,2024-08-19,0,60,0,0.0,8,0.0008876876247274504
0.0,2024-08-19,0,60,0,0.0,14,0.000841917634477785
0.0,2024-08-19,0,60,0,0.0,15,0.0008384235777650164
0.0,2024-08-19,0,60,0,0.0,16,0.000822856499121404
0.0,2024-08-19,0,60,0,0.0,21,0.0008221555431683924
0.0,2024-08-19,0,60,0,0.0,22,9.993221252211928e-05
0.0,2024-08-19,0,60,0,0.0,23,5.390711960707344e-05
0.0,2024-08-19,0,60,0,0.0,24,2.653047192806718e-05
0.0,2024-08-19,0,60,0,0.0,27,2.2385085689306687e-05
0.0,2024-08-19,0,60,0,0.0,28,1.626803459662407e-05
0.0,2024-08-19,0,60,0,0.0,29,1.591828315684031e-05
0.0,2024-08-19,0,60,0,0.0,30,1.4096556735485011e-05
0.0,2024-08-19,0,60,0,0.0,34,1.39905097530967e-05
0.0,2024-08-19,0,60,0,0.0,35,6.5259681469730115e-06
0.0,2024-08-19,0,60,0,0.0,36,2.073970002802264e-06
0.0,2024-08-19,0,60,0,0.0,37,2.0476210529337766e-06
0.0,2024-08-19,0,60,0,0.0,38,1.5345299777120001e-06
0.0,2024-08-19,0,60,0,0.0,39,7.60176651539371e-07
0.0,2024-08-19,0,60,0,0.0,40,6.840631641590191e-07
0.0,2024-08-19,0,60,0,0.0,41,6.733213570820549e-07
0.0,2024-08-19,0,60,0,0.0,42,6.660230960136482e-07
0.0,2024-08-19,0,60,0,0.0,43,3.299239452080801e-07
0.0,2024-08-19,0,60,0,0.0,44,1.0654730687606501e-07
0.0,2024-08-19,0,60,0,0.0,46,1.0604698238831145e-07
0.0,2024-08-19,0,60,0,0.0,47,2.8517346221645746e-08
0.0,2024-08-19,0,60,0,0.0,50,4.906442426347117e-10
0.0,2024-08-19,0,60,0,0.0,51,9.680245118844027e-12
0.0,2024-08-19,0,60,0,0.0,52,1.174802245567548e-62
0.0,2024-08-19,0,60,0,0.0,54,8.0909057940129e-63
0.0,2024-08-19,0,60,0,0.0,186,0.0
0.0,2024-06-13,0,61,0,0.0,2,0.0019141563916829148
0.0,2024-06-13,0,61,0,0.0,3,0.0015547212950758733
0.0,2024-06-13,0,61,0,0.0,5,0.0015443440092480203
0.0,2024-06-13,0,61,0,0.0,6,0.001117185027966653
0.0,2024-06-13,0,61,0,0.0,7,0.0002329672619755614
0.0,2024-06-13,0,61,0,0.0,14,0.00023233493944439242
0.0,2024-06-13,0,61,0,0.0,15,2.824307991304603e-05
0.0,2024-06-13,0,61,0,0.0,18,1.0377285827852976e-05
0.0,2024-06-13,0,61,0,0.0,19,6.323225311689754e-07
0.0,2024-06-13,0,61,0,0.0,20,3.332054138222585e-08
0.0,2024-06-13,0,61,0,0.0,135,0.0
0.0,2025-11-10,0,62,0,0.0,188,0.0
0.0,2025-09-04,0,63,0,0.0,1,0.0042301817889389935
0.0,2025-09-04,0,63,0,0.0,2,5.045045469165688e-15
0.0,2025-09-04,0,63,0,0.0,3,4.9808701335139004e-15
0.0,2025-09-04,0,63,0,0.0,5,3.464399352387197e-15
0.0,2025-09-04,0,63,0,0.0,6,2.9149693715263932e-15
0.0,2025-09-04,0,63,0,0.0,7,2.883996841279544e-15
0.0,2025-09-04,0,63,0,0.0,8,2.096873292234356e-15
0.0,2025-09-04,0,63,0,0.0,10,1.5164707811267028e-15
0.0,2025-09-04,0,63,0,0.0,174,0.0
0.0,2025-10-07,0,64,2,0.0,2,0.0016823672810673358
0.0,2025-10-07,0,64,2,0.0,3,0.001325648076223382
1.0,2025-10-07,2,64,2,0.16666666666666666,169,0.0
0.0,2026-02-05,0,65,0,0.0,157,0.0
0.0,2025-10-29,0,66,0,0.0,1,0.0030826978446893178
0.0,2025-10-29,0,66,0,0.0,2,0.0017656097520190976
0.0,2025-10-29,0,66,0,0.0,3,0.00010750709698974452
0.0,2025-10-29,0,66,0,0.0,107,0.0
0.0,2024-07-11,0,67,0,0.0,1,0.012662896690873898
0.0,2024-07-11,0,67,0,0.0,2,0.004231691958063469
0.0,2024-07-11,0,67,0,0.0,3,0.0042121164173213555
0.0,2024-07-11,0,67,0,0.0,5,0.0030149754025890225
0.0,2024-07-11,0,67,0,0.0,7,0.002344980868680351
0.0,2024-07-11,0,67,0,0.0,8,3.271180732855256e-05
0.0,2024-07-11,0,67,0,0.0,172,0.0
0.0,2025-11-14,0,68,0,0.0,1,1.6247833713419778e-15
0.0,2025-11-14,0,68,0,0.0,2,8.070792108356191e-16
0.0,2025-11-14,0,68,0,0.0,3,4.334102686626765e-16
0.0,2025-11-14,0,68,0,0.0,4,3.592463697819385e-16
0.0,2025-11-14,0,68,0,0.0,5,3.4586511519689335e-16
0.0,2025-11-14,0,68,0,0.0,6,3.0912180789106374e-16
0.0,2025-11-14,0,68,0,0.0,7,2.0232425954632037e-16
0.0,2025-11-14,0,68,0,0.0,8,1.6677855074187367e-16
0.0,2025-11-14,0,68,0,0.0,9,1.412723869294632e-16
0.0,2025-11-14,0,68,0,0.0,10,1.3941108902192975e-16
0.0,2025-11-14,0,68,0,0.0,11,1.3506937713405443e-16
0.0,2025-11-14,0,68,0,0.0,12,1.112283829609685e-16
0.0,2025-11-14,0,68,0,0.0,13,1.0891581912055848e-16
0.0,2025-11-14,0,68,0,0.0,14,1.0679528261685428e-16
0.0,2025-11-14,0,68,0,0.0,15,1.0654100453467073e-16
0.0,2025-11-14,0,68,0,0.0,16,1.0443362031193829e-16
0.0,2025-11-14,0,68,0,0.0,17,1.0313341330307424e-16
0.0,2025-11-14,0,68,0,0.0,18,1.0294780364314294e-16
0.0,2025-11-14,0,68,0,0.0,19,1.0188076157657085e-16
0.0,2025-11-14,0,68,0,0.0,20,8.320056965603914e-17
0.0,2025-11-14,0,68,0,0.0,21,4.836487644146487e-17
0.0,2025-11-14,0,68,0,0.0,22,3.023619597279456e-17
0.0,2025-11-14,0,68,0,0.0,23,2.9894910026470537e-17
0.0,2025-11-14,0,68,0,0.0,24,2.930937651396484e-17
0.0,2025-11-14,0,68,0,0.0,25,2.4449610517529868e-17
0.0,2025-11-14,0,68,0,0.0,26,1.720319869461738e-17
0.0,2025-11-14,0,68,0,0.0,27,1.5577230080528944e-17
0.0,2025-11-14,0,68,0,0.0,28,1.169451544688505e-17
0.0,2025-11-14,0,68,0,0.0,29,7.870354359583548e-18
0.0,2025-11-14,0,68,0,0.0,30,7.112397733525105e-18
0.0,2025-11-14,0,68,0,0.0,31,7.023529658598185e-18
0.0,2025-11-14,0,68,0,0.0,32,5.2781078129888894e-18
0.0,2025-11-14,0,68,0,0.0,33,5.256030492228064e-18
0.0,2025-11-14,0,68,0,0.0,34,4.774533945547041e-18
0.0,2025-11-14,0,68,0,0.0,35,4.698960305975145e-18
0.0,2025-11-14,0,68,0,0.0,36,4.335964071628633e-18
0.0,2025-11-14,0,68,0,0.0,37,3.9547884351676716e-18
0.0,2025-11-14,0,68,0,0.0,38,3.605020568692407e-18
0.0,2025-11-14,0,68,0,0.0,39,3.1786816769544915e-18
0.0,2025-11-14,0,68,0,0.0,41,2.4946846022188217e-18
0.0,2025-11-14,0,68,0,0.0,44,2.434564123830638e-18
0.0,2025-11-14,0,68,0,0.0,45,2.2426858941220166e-18
0.0,2025-11-14,0,68,0,0.0,46,2.077995731216775e-18
0.0,2025-11-14,0,68,0,0.0,47,1.9329971565994118e-18
0.0,2025-11-14,0,68,0,0.0,49,1.7213118161395892e-18
0.0,2025-11-14,0,68,0,0.0,50,1.6900252202848295e-18
0.0,2025-11-14,0,68,0,0.0,51,1.6157728620701758e-18
0.0,2025-11-14,0,68,0,0.0,52,1.2717636256159658e-18
0.0,2025-11-14,0,68,0,0.0,53,1.1752470996151515e-18
0.0,2025-11-14,0,68,0,0.0,54,1.1704564448617696e-18
0.0,2025-11-14,0,68,0,0.0,55,1.0871759656915468e-18
0.0,2025-11-14,0,68,0,0.0,56,9.015663057602204e-19
0.0,2025-11-14,0,68,0,0.0,57,8.643128080065276e-19
0.0,2025-11-14,0,68,0,0.0,59,7.142065563099554e-19
0.0,2025-11-14,0,68,0,0.0,60,5.846547498414136e-19
0.0,2025-11-14,0,68,0,0.0,62,5.285968963786288e-19
0.0,2025-11-14,0,68,0,0.0,63,5.035738674418484e-19
0.0,2025-11-14,0,68,0,0.0,64,4.5201811523659675e-19
0.0,2025-11-14,0,68,0,0.0,67,3.7296940938159143e-19
0.0,2025-11-14,0,68,0,0.0,71,3.357159116278989e-19
0.0,2025-11-14,0,68,0,0.0,193,0.0
0.0,2022-12-16,0,69,0,0.0,1,0.003230062370514976
0.0,2022-12-16,0,69,0,0.0,2,0.002812219236728304
0.0,2022-12-16,0,69,0,0.0,3,0.002711758378948199
0.0,2022-12-16,0,69,0,0.0,4,0.002409334155419895
0.0,2022-12-16,0,69,0,0.0,5,0.0014255190777061274
0.0,2022-12-16,0,69,0,0.0,6,0.0011022631094577161
0.0,2022-12-16,0,69,0,0.0,7,0.00108367172228461
0.0,2022-12-16,0,69,0,0.0,8,0.0010769085881812302
0.0,2022-12-16,0,69,0,0.0,9,0.0009656088911761151
0.0,2022-12-16,0,69,0,0.0,10,0.000917472256731626
0.0,2022-12-16,0,69,0,0.0,11,0.0009142195705576455
0.0,2022-12-16,0,69,0,0.0,12,0.0009059435123690351
0.0,2022-12-16,0,69,0,0.0,13,0.0008934588797998343
0.0,2022-12-16,0,69,0,0.0,14,0.0008866430050602274
0.0,2022-12-16,0,69,0,0.0,15,0.0008453399598711685
0.0,2022-12-16,0,69,0,0.0,16,0.0006299178043675984
0.0,2022-12-16,0,69,0,0.0,17,0.0005001532796485793
0.0,2022-12-16,0,69,0,0.0,18,0.0004757325476331238
0.0,2022-12-16,0,69,0,0.0,19,0.00046690270378457364
0.0,2022-12-16,0,69,0,0.0,20,0.0003647568913830206
0.0,2022-12-16,0,69,0,0.0,21,0.00036158014849369945
0.0,2022-12-16,0,69,0,0.0,22,0.00035627356906474134
0.0,2022-12-16,0,69,0,0.0,23,0.00035069346102520186
0.0,2022-12-16,0,69,0,0.0,24,0.00034983782259690886
0.0,2022-12-16,0,69,0,0.0,25,0.0003423782730293198
0.0,2022-12-16,0,69,0,0.0,30,0.00034221013870692265
0.0,2022-12-16,0,69,0,0.0,31,0.0003331202848700865
0.0,2022-12-16,0,69,0,0.0,32,0.0003328082329266323
0.0,2022-12-16,0,69,0,0.0,33,0.00032830349474781325
0.0,2022-12-16,0,69,0,0.0,35,0.00032518054903664606
0.0,2022-12-16,0,69,0,0.0,36,1.666680638487156e-05
0.0,2022-12-16,0,69,0,0.0,37,1.6645771628796192e-05
0.0,2022-12-16,0,69,0,0.0,39,8.82513335728897e-06
0.0,2022-12-16,0,69,0,0.0,40,8.48332231827926e-06
0.0,2022-12-16,0,69,0,0.0,41,8.320840022586741e-06
0.0,2022-12-16,0,69,0,0.0,42,7.636298793859706e-06
0.0,2022-12-16,0,69,0,0.0,43,7.627683889986229e-06
0.0,2022-12-16,0,69,0,0.0,47,2.8603559653761606e-06
0.0,2022-12-16,0,69,0,0.0,48,3.0343703958077674e-07
0.0,2022-12-16,0,69,0,0.0,49,1.770846615718128e-07
0.0,2022-12-16,0,69,0,0.0,53,1.6813432239713928e-07
0.0,2022-12-16,0,69,0,0.0,54,4.938118165337119e-09
0.0,2022-12-16,0,69,0,0.0,162,0.0
0.0,2025-09-04,0,70,0,0.0,1,0.005958079143052671
0.0,2025-09-04,0,70,0,0.0,2,0.004134103559363039
0.0,2025-09-04,0,70,0,0.0,3,0.0038269205800216762
0.0,2025-09-04,0,70,0,0.0,4,0.002400171090010046
0.0,2025-09-04,0,70,0,0.0,5,0.0020313428479920444
0.0,2025-09-04,0,70,0,0.0,6,0.0019309026364716798
0.0,2025-09-04,0,70,0,0.0,7,0.0019078530503079452
0.0,2025-09-04,0,70,0,0.0,8,0.001640691842581629
0.0,2025-09-04,0,70,0,0.0,9,0.0005960282416276593
0.0,2025-09-04,0,70,0,0.0,10,0.0005431125290842074
0.0,2025-09-04,0,70,0,0.0,13,0.0005315167472252328
0.0,2025-09-04,0,70,0,0.0,14,0.00039630981337993677
0.0,2025-09-04,0,70,0,0.0,16,0.0003552425806671264
0.0,2025-09-04,0,70,0,0.0,17,0.00029317366144274344
0.0,2025-09-04,0,70,0,0.0,18,9.618895798369639e-05
0.0,2025-09-04,0,70,0,0.0,20,9.3031301314289e-05
0.0,2025-09-04,0,70,0,0.0,21,4.895388130694914e-05
0.0,2025-09-04,0,70,0,0.0,22,4.6545143646706755e-05
0.0,2025-09-04,0,70,0,0.0,23,4.5482143652196335e-05
0.0,2025-09-04,0,70,0,0.0,24,2.3801868026316625e-05
0.0,2025-09-04,0,70,0,0.0,25,8.163338824519642e-06
0.0,2025-09-04,0,70,0,0.0,26,3.471737654752801e-06
0.0,2025-09-04,0,70,0,0.0,27,2.392164143490454e-06
0.0,2025-09-04,0,70,0,0.0,183,0.0
0.0,2022-04-28,0,71,0,0.0,1,0.0027987112045253946
0.0,2022-04-28,0,71,0,0.0,2,0.0020202739784880917
0.0,2022-04-28,0,71,0,0.0,3,0.0013883786415143473
0.0,2022-04-28,0,71,0,0.0,4,0.0008587527034037518
0.0,2022-04-28,0,71,0,0.0,5,0.0007863849185108072
0.0,2022-04-28,0,71,0,0.0,6,0.0007792310073388861
0.0,2022-04-28,0,71,0,0.0,7,0.000778437226037303
0.0,2022-04-28,0,71,0,0.0,10,0.0006296212340941298
0.0,2022-04-28,0,71,0,0.0,11,0.0003150293880423792
0.0,2022-04-28,0,71,0,0.0,12,0.00031037849160264974
0.0,2022-04-28,0,71,0,0.0,13,0.00017191600390751275
0.0,2022-04-28,0,71,0,0.0,14,0.00015390648318563453
0.0,2022-04-28,0,71,0,0.0,16,0.0001495928729105095
0.0,2022-04-28,0,71,0,0.0,18,0.00014881599194317314
0.0,2022-04-28,0,71,0,0.0,19,3.571700959520521e-05
0.0,2022-04-28,0,71,0,0.0,20,3.5176438644556926e-05
0.0,2022-04-28,0,71,0,0.0,22,2.4350967284071263e-05
0.0,2022-04-28,0,71,0,0.0,23,4.243023690381572e-06
0.0,2022-04-28,0,71,0,0.0,24,8.782829728170607e-07
0.0,2022-04-28,0,71,0,0.0,25,8.115711271060564e-07
0.0,2022-04-28,0,71,0,0.0,36,7.768809673363341e-07
0.0,2022-04-28,0,71,0,0.0,142,0.0
0.0,2025-09-03,0,72,0,0.0,1,8.278700173585793e-09
0.0,2025-09-03,0,72,0,0.0,2,2.2090812273869744e-09
0.0,2025-09-03,0,72,0,0.0,3,1.8496915972371617e-09
0.0,2025-09-03,0,72,0,0.0,4,1.7880352106625898e-09
0.0,2025-09-03,0,72,0,0.0,7,4.0935117047938987e-10
0.0,2025-09-03,0,72,0,0.0,12,3.5938963014981274e-10
0.0,2025-09-03,0,72,0,0.0,13,3.3942353958593417e-10
0.0,2025-09-03,0,72,0,0.0,166,0.0
0.0,2025-03-04,0,73,0,0.0,1,0.007294323538054855
0.0,2025-03-04,0,73,0,0.0,2,0.004174386673437011
0.0,2025-03-04,0,73,0,0.0,3,0.003382884257663002
0.0,2025-03-04,0,73,0,0.0,4,0.0032922346388350237
0.0,2025-03-04,0,73,0,0.0,5,0.002551696190558397
0.0,2025-03-04,0,73,0,0.0,6,0.002222666585590094
0.0,2025-03-04,0,73,0,0.0,7,0.0013115791544308906
0.0,2025-03-04,0,73,0,0.0,8,0.0012826247112906256
0.0,2025-03-04,0,73,0,0.0,9,0.0008552931432038915
0.0,2025-03-04,0,73,0,0.0,10,0.0008543841420708869
0.0,2025-03-04,0,73,0,0.0,11,0.0007983282366871982
0.0,2025-03-04,0,73,0,0.0,12,0.000773332253640414
0.0,2025-03-04,0,73,0,0.0,13,0.0007537768872768795
0.0,2025-03-04,0,73,0,0.0,14,0.000690604264907084
0.0,2025-03-04,0,73,0,0.0,15,0.0006473176189082519
0.0,2025-03-04,0,73,0,0.0,16,0.0006463380403376763
0.0,2025-03-04,0,73,0,0.0,17,0.0005854487474783407
0.0,2025-03-04,0,73,0,0.0,18,0.0005828284779747485
0.0,2025-03-04,0,73,0,0.0,19,0.0005823550329315665
0.0,2025-03-04,0,73,0,0.0,20,0.0004791047336002676
0.0,2025-03-04,0,73,0,0.0,22,0.0004637767842548866
0.0,2025-03-04,0,73,0,0.0,23,0.000441907420217713
0.0,2025-03-04,0,73,0,0.0,33,0.0003961426698843822
0.0,2025-03-04,0,73,0,0.0,34,0.0003890479355290934
0.0,2025-03-04,0,73,0,0.0,35,0.0003682705382512096
0.0,2025-03-04,0,73,0,0.0,36,0.0003154692868661698
0.0,2025-03-04,0,73,0,0.0,37,0.00029797052304258927
0.0,2025-03-04,0,73,0,0.0,38,0.00029066002662255885
0.0,2025-03-04,0,73,0,0.0,39,0.00027770500585737264
0.0,2025-03-04,0,73,0,0.0,40,0.00027681759826369266
0.0,2025-03-04,0,73,0,0.0,41,0.0002678147627387373
0.0,2025-03-04,0,73,0,0.0,42,0.00025357597081017
0.0,2025-03-04,0,73,0,0.0,44,0.00025019537045329406
0.0,2025-03-04,0,73,0,0.0,45,0.00023227916353474196
0.0,2025-03-04,0,73,0,0.0,46,0.00012015507348549921
0.0,2025-03-04,0,73,0,0.0,47,6.864884584570966e-05
0.0,2025-03-04,0,73,0,0.0,48,5.019100168933959e-05
0.0,2025-03-04,0,73,0,0.0,49,3.319098591489908e-05
0.0,2025-03-04,0,73,0,0.0,50,2.6622227810398604e-05
0.0,2025-03-04,0,73,0,0.0,51,2.6319210583288383e-05
0.0,2025-03-04,0,73,0,0.0,52,2.4365083993090103e-05
0.0,2025-03-04,0,73,0,0.0,53,2.1308377485423165e-05
0.0,2025-03-04,0,73,0,0.0,54,2.0681786532079112e-05
0.0,2025-03-04,0,73,0,0.0,55,1.8421663892155164e-05
0.0,2025-03-04,0,73,0,0.0,56,1.7702056325300734e-05
0.0,2025-03-04,0,73,0,0.0,57,1.5327949345381015e-05
0.0,2025-03-04,0,73,0,0.0,58,1.3167460119483595e-05
0.0,2025-03-04,0,73,0,0.0,59,3.198667554819977e-06
0.0,2025-03-04,0,73,0,0.0,61,3.124902313407572e-06
0.0,2025-03-04,0,73,0,0.0,66,3.0937145467741497e-06
0.0,2025-03-04,0,73,0,0.0,67,4.734450431819328e-07
0.0,2025-03-04,0,73,0,0.0,68,3.0649213511053696e-07
0.0,2025-03-04,0,73,0,0.0,69,2.5087451484638453e-07
0.0,2025-03-04,0,73,0,0.0,70,1.986763112929765e-07
0.0,2025-03-04,0,73,0,0.0,71,1.8861727870216252e-07
0.0,2025-03-04,0,73,0,0.0,72,5.3611069691463986e-08
0.0,2025-03-04,0,73,0,0.0,73,5.300833376975167e-08
0.0,2025-03-04,0,73,0,0.0,74,5.2476504022913473e-08
0.0,2025-03-04,0,73,0,0.0,75,3.916157016635333e-08
0.0,2025-03-04,0,73,0,0.0,76,3.2120224161130513e-09
0.0,2025-03-04,0,73,0,0.0,77,2.7236492396442223e-09
0.0,2025-03-04,0,73,0,0.0,80,2.6092864944007436e-09
0.0,2025-03-04,0,73,0,0.0,81,7.51669305070012e-10
0.0,2025-03-04,0,73,0,0.0,168,0.0
0.0,2025-09-06,0,74,0,0.0,1,0.008928360292047518
0.0,2025-09-06,0,74,0,0.0,2,0.0011927711090219371
0.0,2025-09-06,0,74,0,0.0,3,0.0006246621955417951
0.0,2025-09-06,0,74,0,0.0,6,0.00044410649227826177
0.0,2025-09-06,0,74,0,0.0,8,0.0001805557032635334
0.0,2025-09-06,0,74,0,0.0,9,3.57571256706869e-06
0.0,2025-09-06,0,74,0,0.0,11,1.922601604889869e-07
0.0,2025-09-06,0,74,0,0.0,161,0.0
0.0,2024-03-07,0,75,0,0.0,1,0.004112395596120793
0.0,2024-03-07,0,75,0,0.0,2,0.00310739068497759
0.0,2024-03-07,0,75,0,0.0,3,0.0029530221021051993
0.0,2024-03-07,0,75,0,0.0,4,0.002646002158502201
0.0,2024-03-07,0,75,0,0.0,5,0.0017458248183592712
0.0,2024-03-07,0,75,0,0.0,6,0.001697136824875537
0.0,2024-03-07,0,75,0,0.0,7,0.0016779417725017148
0.0,2024-03-07,0,75,0,0.0,8,0.001584415612784183
0.0,2024-03-07,0,75,0,0.0,9,0.0015794587099218118
0.0,2024-03-07,0,75,0,0.0,10,0.0015219819009921244
0.0,2024-03-07,0,75,0,0.0,12,0.0014771814597838568
0.0,2024-03-07,0,75,0,0.0,13,0.0007840457968698357
0.0,2024-03-07,0,75,0,0.0,14,0.0006048242432075903
0.0,2024-03-07,0,75,0,0.0,15,0.0006011785010748254
0.0,2024-03-07,0,75,0,0.0,16,0.00020306148823046684
0.0,2024-03-07,0,75,0,0.0,17,0.00015807975492117228
0.0,2024-03-07,0,75,0,0.0,18,9.959478100331575e-05
0.0,2024-03-07,0,75,0,0.0,19,7.147867472662266e-05
0.0,2024-03-07,0,75,0,0.0,20,3.85262336303388e-06
0.0,2024-03-07,0,75,0,0.0,21,3.85120651392836e-06
0.0,2024-03-07,0,75,0,0.0,22,3.6940656370454366e-06
0.0,2024-03-07,0,75,0,0.0,24,3.6457421327648107e-06
0.0,2024-03-07,0,75,0,0.0,33,3.6206855009155976e-06
0.0,2024-03-07,0,75,0,0.0,34,1.1728065491063804e-38
0.0,2024-03-07,0,75,0,0.0,35,4.282089114563731e-39
0.0,2024-03-07,0,75,0,0.0,36,2.407376334380733e-39
0.0,2024-03-07,0,75,0,0.0,37,1.5126270529297564e-39
0.0,2024-03-07,0,75,0,0.0,38,1.1429934896232e-39
0.0,2024-03-07,0,75,0,0.0,39,1.0325869622465343e-39
0.0,2024-03-07,0,75,0,0.0,40,5.50829375711136e-40
0.0,2024-03-07,0,75,0,0.0,50,2.202114241672351e-40
0.0,2024-03-07,0,75,0,0.0,167,0.0
0.0,2025-01-28,0,76,0,0.0,1,0.07539317768348382
0.0,2025-01-28,0,76,0,0.0,2,0.0038476078390767845
0.0,2025-01-28,0,76,0,0.0,3,0.00383674886742338
0.0,2025-01-28,0,76,0,0.0,4,0.0038187783361959184
0.0,2025-01-28,0,76,0,0.0,6,0.0008675996271475387
0.0,2025-01-28,0,76,0,0.0,7,0.0008584631767761904
0.0,2025-01-28,0,76,0,0.0,8,0.0008581703516613691
0.0,2025-01-28,0,76,0,0.0,12,0.0008567406554941344
0.0,2025-01-28,0,76,0,0.0,13,0.0006486045567941596
0.0,2025-01-28,0,76,0,0.0,14,5.6831959371140925e-05
0.0,2025-01-28,0,76,0,0.0,15,5.596546929062225e-05
0.0,2025-01-28,0,76,0,0.0,16,1.918456000035059e-05
0.0,2025-01-28,0,76,0,0.0,18,1.8688072301471764e-05
0.0,2025-01-28,0,76,0,0.0,20,1.818877751945223e-05
0.0,2025-01-28,0,76,0,0.0,21,1.79968258440608e-05
0.0,2025-01-28,0,76,0,0.0,22,1.774514879946559e-05
0.0,2025-01-28,0,76,0,0.0,23,1.194696203835813e-05
0.0,2025-01-28,0,76,0,0.0,24,1.0858971653404315e-05
0.0,2025-01-28,0,76,0,0.0,25,5.953130093309779e-06
0.0,2025-01-28,0,76,0,0.0,27,1.178019122639535e-06
0.0,2025-01-28,0,76,0,0.0,28,4.2961941052839195e-07
0.0,2025-01-28,0,76,0,0.0,29,2.516770445952102e-07
0.0,2025-01-28,0,76,0,0.0,30,5.2629349639755227e-08
0.0,2025-01-28,0,76,0,0.0,31,4.5452620143424974e-08
0.0,2025-01-28,0,76,0,0.0,154,0.0
0.0,2025-03-27,0,77,0,0.0,1,0.008204047666245417
0.0,2025-03-27,0,77,0,0.0,2,0.00748671174355838
0.0,2025-03-27,0,77,0,0.0,3,0.005625088695809873
0.0,2025-03-27,0,77,0,0.0,4,0.004991141162372253
0.0,2025-03-27,0,77,0,0.0,5,0.0028699061683640456
0.0,2025-03-27,0,77,0,0.0,6,0.0028475617068994966
0.0,2025-03-27,0,77,0,0.0,7,0.0023889988715207963
0.0,2025-03-27,0,77,0,0.0,8,0.0019259587159255707
0.0,2025-03-27,0,77,0,0.0,9,0.001421646938769857
0.0,2025-03-27,0,77,0,0.0,10,0.0009660273217494683
0.0,2025-03-27,0,77,0,0.0,11,6.851711364989917e-05
0.0,2025-03-27,0,77,0,0.0,174,0.0
0.0,2024-01-23,0,78,0,0.0,1,0.0030722829835580067
0.0,2024-01-23,0,78,0,0.0,3,0.002957832362042663
0.0,2024-01-23,0,78,0,0.0,4,0.00011445062151534353
0.0,2024-01-23,0,78,0,0.0,5,0.00010895142684283467
0.0,2024-01-23,0,78,0,0.0,148,0.0
0.0,2025-11-10,0,79,0,0.0,1,0.008610842590072151
0.0,2025-11-10,0,79,0,0.0,2,0.004919077690738372
0.0,2025-11-10,0,79,0,0.0,3,0.002778595664083101
0.0,2025-11-10,0,79,0,0.0,4,0.002697046356128101
0.0,2025-11-10,0,79,0,0.0,5,0.002624268469238809
0.0,2025-11-10,0,79,0,0.0,6,0.0017689010947134435
0.0,2025-11-10,0,79,0,0.0,7,0.0016288706212466981
0.0,2025-11-10,0,79,0,0.0,8,0.0006241403500778721
0.0,2025-11-10,0,79,0,0.0,9,0.0006100651990105854
0.0,2025-11-10,0,79,0,0.0,13,0.0005967294238251469
0.0,2025-11-10,0,79,0,0.0,14,0.0005619143755283796
0.0,2025-11-10,0,79,0,0.0,15,0.0005370747668327272
0.0,2025-11-10,0,79,0,0.0,16,0.00010425199239161371
0.0,2025-11-10,0,79,0,0.0,18,3.5082086595178084e-05
0.0,2025-11-10,0,79,0,0.0,19,2.4839608695652483e-05
0.0,2025-11-10,0,79,0,0.0,20,1.6149604985021566e-05
0.0,2025-11-10,0,79,0,0.0,21,1.4803153574594152e-05
0.0,2025-11-10,0,79,0,0.0,22,1.3335775185438479e-05
0.0,2025-11-10,0,79,0,0.0,168,0.0
0.0,2025-08-24,0,80,0,0.0,1,0.00545682160404823
0.0,2025-08-24,0,80,0,0.0,132,0.0
0.0,2025-05-22,0,81,0,0.0,1,0.006595155407998862
0.0,2025-05-22,0,81,0,0.0,2,0.0035437805665807513
0.0,2025-05-22,0,81,0,0.0,3,0.003364875208162685
0.0,2025-05-22,0,81,0,0.0,5,0.0032302801998361774
0.0,2025-05-22,0,81,0,0.0,6,0.00018389266143609476
0.0,2025-05-22,0,81,0,0.0,8,0.00017174914408134452
0.0,2025-05-22,0,81,0,0.0,169,0.0
0.0,2026-01-06,0,82,0,0.0,1,0.008811463778230541
0.0,2026-01-06,0,82,0,0.0,2,0.005032278887065727
0.0,2026-01-06,0,82,0,0.0,4,0.002418146685351452
0.0,2026-01-06,0,82,0,0.0,5,0.00210310031023148
0.0,2026-01-06,0,82,0,0.0,6,0.0018286892038000073
0.0,2026-01-06,0,82,0,0.0,7,0.0017000956563344117
0.0,2026-01-06,0,82,0,0.0,8,0.0005840829191283719
0.0,2026-01-06,0,82,0,0.0,10,4.520565292022215e-05
0.0,2026-01-06,0,82,0,0.0,11,7.831688307517873e-07
0.0,2026-01-06,0,82,0,0.0,191,0.0
0.0,2025-07-23,0,83,0,0.0,1,0.012820448208464568
0.0,2025-07-23,0,83,0,0.0,2,5.60478584137306e-14
0.0,2025-07-23,0,83,0,0.0,3,2.4051188284819268e-14
0.0,2025-07-23,0,83,0,0.0,86,0.0
0.0,2025-06-13,0,84,0,0.0,1,6.861555682508212e-07
0.0,2025-06-13,0,84,0,0.0,2,4.832421377955463e-07
0.0,2025-06-13,0,84,0,0.0,3,3.172157095076324e-07
0.0,2025-06-13,0,84,0,0.0,4,2.4988961325270846e-07
0.0,2025-06-13,0,84,0,0.0,5,2.2358544343663388e-07
0.0,2025-06-13,0,84,0,0.0,6,1.486149720762233e-07
0.0,2025-06-13,0,84,0,0.0,7,1.4843776441045603e-07
0.0,2025-06-13,0,84,0,0.0,8,1.2426377722148193e-07
0.0,2025-06-13,0,84,0,0.0,9,9.45718364931823e-08
0.0,2025-06-13,0,84,0,0.0,10,4.908957405754352e-08
0.0,2025-06-13,0,84,0,0.0,11,2.0586659687945944e-08
0.0,2025-06-13,0,84,0,0.0,12,1.8431122448979588e-08
0.0,2025-06-13,0,84,0,0.0,13,1.780959656252684e-08
0.0,2025-06-13,0,84,0,0.0,14,1.740952278077557e-08
0.0,2025-06-13,0,84,0,0.0,17,1.7043753109030883e-08
0.0,2025-06-13,0,84,0,0.0,18,1.125668495842807e-08
0.0,2025-06-13,0,84,0,0.0,21,1.0665377778685841e-08
0.0,2025-06-13,0,84,0,0.0,24,9.215561224489794e-09
0.0,2025-06-13,0,84,0,0.0,25,9.215561224489792e-09
0.0,2025-06-13,0,84,0,0.0,26,8.526346065891627e-09
0.0,2025-06-13,0,84,0,0.0,27,8.32861015456185e-09
0.0,2025-06-13,0,84,0,0.0,28,7.789807895013197e-09
0.0,2025-06-13,0,84,0,0.0,29,7.20266124733296e-09
0.0,2025-06-13,0,84,0,0.0,30,5.395601757706849e-09
0.0,2025-06-13,0,84,0,0.0,31,5.054522626784206e-09
0.0,2025-06-13,0,84,0,0.0,32,4.74741032776747e-09
0.0,2025-06-13,0,84,0,0.0,33,4.607780612244896e-09
0.0,2025-06-13,0,84,0,0.0,34,4.475990172135682e-09
0.0,2025-06-13,0,84,0,0.0,37,3.405750887311445e-09
0.0,2025-06-13,0,84,0,0.0,38,3.3378351764024788e-09
0.0,2025-06-13,0,84,0,0.0,39,3.1813068546612706e-09
0.0,2025-06-13,0,84,0,0.0,40,3.071853741496598e-09
0.0,2025-06-13,0,84,0,0.0,41,2.865959383484209e-09
0.0,2025-06-13,0,84,0,0.0,42,2.5095006538084337e-09
0.0,2025-06-13,0,84,0,0.0,43,1.6283626838103867e-09
0.0,2025-06-13,0,84,0,0.0,45,1.28214958172782e-09
0.0,2025-06-13,0,84,0,0.0,46,1.0217252661934337e-09
0.0,2025-06-13,0,84,0,0.0,47,7.658434534959599e-10
0.0,2025-06-13,0,84,0,0.0,48,5.571135710725513e-10
0.0,2025-06-13,0,84,0,0.0,50,4.467420145393099e-10
0.0,2025-06-13,0,84,0,0.0,54,3.784167652568273e-10
0.0,2025-06-13,0,84,0,0.0,55,3.5739361163144796e-10
0.0,2025-06-13,0,84,0,0.0,59,1.7869680581572398e-10
0.0,2025-06-13,0,84,0,0.0,60,1.4295744465257916e-10
0.0,2025-06-13,0,84,0,0.0,182,0.0
0.0,2025-09-04,0,85,0,0.0,1,0.004094102357137586
0.0,2025-09-04,0,85,0,0.0,2,0.004000609920587365
0.0,2025-09-04,0,85,0,0.0,3,9.199040098206373e-05
0.0,2025-09-04,0,85,0,0.0,4,1.5020355681576619e-06
0.0,2025-09-04,0,85,0,0.0,129,0.0
0.0,2024-01-12,0,86,0,0.0,1,0.006760352152527929
0.0,2024-01-12,0,86,0,0.0,2,0.004505136174590592
0.0,2024-01-12,0,86,0,0.0,3,0.0025470738129296107
0.0,2024-01-12,0,86,0,0.0,4,0.0021540038160231347
0.0,2024-01-12,0,86,0,0.0,5,0.002024361241949738
0.0,2024-01-12,0,86,0,0.0,6,0.0012825316425339804
0.0,2024-01-12,0,86,0,0.0,7,0.0011683017003634296
0.0,2024-01-12,0,86,0,0.0,8,0.0011201472608696787
0.0,2024-01-12,0,86,0,0.0,9,0.000975071527682879
0.0,2024-01-12,0,86,0,0.0,10,0.000881626303820016
0.0,2024-01-12,0,86,0,0.0,11,0.0008344347858335195
0.0,2024-01-12,0,86,0,0.0,13,0.0007467485794439228
0.0,2024-01-12,0,86,0,0.0,14,0.0006794953978688615
0.0,2024-01-12,0,86,0,0.0,15,0.0006433195820288002
0.0,2024-01-12,0,86,0,0.0,16,0.0006336162363739957
0.0,2024-01-12,0,86,0,0.0,17,0.0006253537459314348
0.0,2024-01-12,0,86,0,0.0,18,0.0005369772259876591
0.0,2024-01-12,0,86,0,0.0,19,0.0005285080657032518
0.0,2024-01-12,0,86,0,0.0,20,0.00047897561385506923
0.0,2024-01-12,0,86,0,0.0,21,0.0003589883493591299
0.0,2024-01-12,0,86,0,0.0,24,0.000353098831415849
0.0,2024-01-12,0,86,0,0.0,25,0.0003463084692732365
0.0,2024-01-12,0,86,0,0.0,26,0.00030677467536430875
0.0,2024-01-12,0,86,0,0.0,27,0.00023116810892743572
0.0,2024-01-12,0,86,0,0.0,28,5.735777762981253e-05
0.0,2024-01-12,0,86,0,0.0,29,3.925841351353575e-05
0.0,2024-01-12,0,86,0,0.0,30,2.734889371088625e-05
0.0,2024-01-12,0,86,0,0.0,31,2.6158576950582137e-05
0.0,2024-01-12,0,86,0,0.0,32,2.5762951590323254e-05
0.0,2024-01-12,0,86,0,0.0,33,2.0008858949778975e-05
0.0,2024-01-12,0,86,0,0.0,34,8.446891506301795e-06
0.0,2024-01-12,0,86,0,0.0,35,8.420271870541083e-06
0.0,2024-01-12,0,86,0,0.0,36,3.203934287366947e-07
0.0,2024-01-12,0,86,0,0.0,37,2.8674966329010147e-07
0.0,2024-01-12,0,86,0,0.0,39,9.04641532129428e-09
0.0,2024-01-12,0,86,0,0.0,141,0.0
0.0,2024-04-09,0,87,0,0.0,1,0.0050241388391678975
0.0,2024-04-09,0,87,0,0.0,2,0.0025718920900701346
0.0,2024-04-09,0,87,0,0.0,6,0.0024652338353059115
0.0,2024-04-09,0,87,0,0.0,7,0.0024485147710927293
0.0,2024-04-09,0,87,0,0.0,8,0.0018163794416241777
0.0,2024-04-09,0,87,0,0.0,9,0.001204927082169352
0.0,2024-04-09,0,87,0,0.0,10,0.0011669190193289336
0.0,2024-04-09,0,87,0,0.0,11,0.0010650179003625889
0.0,2024-04-09,0,87,0,0.0,12,0.0010565287865596763
0.0,2024-04-09,0,87,0,0.0,13,0.0007382396518411337
0.0,2024-04-09,0,87,0,0.0,15,0.0007284313721344017
0.0,2024-04-09,0,87,0,0.0,16,0.00013186643278031762
0.0,2024-04-09,0,87,0,0.0,17,0.0001103902327692572
0.0,2024-04-09,0,87,0,0.0,18,7.358405142748875e-05
0.0,2024-04-09,0,87,0,0.0,19,4.008200523917564e-05
0.0,2024-04-09,0,87,0,0.0,20,3.716316854266311e-05
0.0,2024-04-09,0,87,0,0.0,21,3.328335110803977e-05
0.0,2024-04-09,0,87,0,0.0,25,3.108904862902715e-05
0.0,2024-04-09,0,87,0,0.0,27,2.1369148538366e-05
0.0,2024-04-09,0,87,0,0.0,28,8.489113802912521e-06
0.0,2024-04-09,0,87,0,0.0,29,6.940927794251662e-06
0.0,2024-04-09,0,87,0,0.0,30,4.707975111367111e-06
0.0,2024-04-09,0,87,0,0.0,32,1.319165903819421e-06
0.0,2024-04-09,0,87,0,0.0,33,1.406585134521104e-07
0.0,2024-04-09,0,87,0,0.0,169,0.0
0.0,2024-10-07,0,88,0,0.0,1,7.85077045289054e-09
0.0,2024-10-07,0,88,0,0.0,2,3.613000069213731e-10
0.0,2024-10-07,0,88,0,0.0,161,0.0
0.0,2024-11-05,0,89,2,0.0,1,0.008162107293502582
0.5,2024-11-05,1,89,2,0.3333333333333333,3,0.004514889243475979
0.5,2024-11-05,1,89,2,0.3333333333333333,5,0.0036472180500266046
0.5,2024-11-05,1,89,2,0.3333333333333333,6,0.00046453504402984186
0.5,2024-11-05,1,89,2,0.3333333333333333,7,0.0003903678077520841
0.5,2024-11-05,1,89,2,0.3333333333333333,8,0.00038617109004605805
0.5,2024-11-05,1,89,2,0.3333333333333333,9,0.00019023317243707126
0.5,2024-11-05,1,89,2,0.3333333333333333,10,0.00012410492134572545
0.5,2024-11-05,1,89,2,0.3333333333333333,11,7.837741801625692e-05
0.5,2024-11-05,1,89,2,0.3333333333333333,12,1.2127134619257703e-05
0.5,2024-11-05,1,89,2,0.3333333333333333,14,4.376608584989548e-07
0.5,2024-11-05,1,89,2,0.3333333333333333,15,4.2893065582250294e-07
1.0,2024-11-05,2,89,2,0.6666666666666666,151,0.0
0.0,2025-10-10,0,90,0,0.0,1,0.0035611657982814776
0.0,2025-10-10,0,90,0,0.0,148,0.0
0.0,2024-09-21,0,91,0,0.0,1,0.003995271605786905
0.0,2024-09-21,0,91,0,0.0,3,0.001434200063615812
0.0,2024-09-21,0,91,0,0.0,4,2.597664181987392e-05
0.0,2024-09-21,0,91,0,0.0,8,2.5302086694864005e-07
0.0,2024-09-21,0,91,0,0.0,9,1.2729674854579203e-08
0.0,2024-09-21,0,91,0,0.0,10,4.918283466541966e-09
0.0,2024-09-21,0,91,0,0.0,178,0.0
0.0,2025-02-11,0,92,0,0.0,83,0.0
1.0,2026-02-27,1,93,1,0.1111111111111111,122,0.0
0.0,2026-02-23,0,94,0,0.0,1,0.0024079142474667694
0.0,2026-02-23,0,94,0,0.0,2,0.001523711617501318
0.0,2026-02-23,0,94,0,0.0,3,0.0013432878074844251
0.0,2026-02-23,0,94,0,0.0,4,0.0013017307644845064
0.0,2026-02-23,0,94,0,0.0,5,0.0012640191898311882
0.0,2026-02-23,0,94,0,0.0,6,0.0012421597600918491
0.0,2026-02-23,0,94,0,0.0,7,0.0010463020904399472
0.0,2026-02-23,0,94,0,0.0,8,0.0010408302795133846
0.0,2026-02-23,0,94,0,0.0,9,0.0010329215942089015
0.0,2026-02-23,0,94,0,0.0,10,0.00047511374085243316
0.0,2026-02-23,0,94,0,0.0,11,0.000455690877618361
0.0,2026-02-23,0,94,0,0.0,12,0.0004555075535891845
0.0,2026-02-23,0,94,0,0.0,13,0.0004535093835727945
0.0,2026-02-23,0,94,0,0.0,14,0.0004490406283228663
0.0,2026-02-23,0,94,0,0.0,15,0.00044375214142548027
0.0,2026-02-23,0,94,0,0.0,16,0.0004435688173963038
0.0,2026-02-23,0,94,0,0.0,17,0.0003163498269448869
0.0,2026-02-23,0,94,0,0.0,19,4.9866737946385456e-05
0.0,2026-02-23,0,94,0,0.0,20,3.16255047638832e-05
0.0,2026-02-23,0,94,0,0.0,21,2.3562794086592593e-05
0.0,2026-02-23,0,94,0,0.0,22,2.1870274428916507e-05
0.0,2026-02-23,0,94,0,0.0,23,9.940566176490734e-06
0.0,2026-02-23,0,94,0,0.0,24,7.908685304483384e-06
0.0,2026-02-23,0,94,0,0.0,25,6.070869369100082e-06
0.0,2026-02-23,0,94,0,0.0,26,3.313308582564294e-06
0.0,2026-02-23,0,94,0,0.0,27,1.0200744938967458e-06
0.0,2026-02-23,0,94,0,0.0,28,4.649433274643788e-07
0.0,2026-02-23,0,94,0,0.0,29,3.535838545848047e-07
0.0,2026-02-23,0,94,0,0.0,30,1.8332402917649624e-07
0.0,2026-02-23,0,94,0,0.0,31,2.5144791385612237e-23
0.0,2026-02-23,0,94,0,0.0,32,5.0083605075066105e-24
0.0,2026-02-23,0,94,0,0.0,33,1.398386652956305e-24
0.0,2026-02-23,0,94,0,0.0,35,3.9137684457438157e-25
0.0,2026-02-23,0,94,0,0.0,37,9.379717104169967e-26
0.0,2026-02-23,0,94,0,0.0,159,0.0
0.0,2025-06-10,0,95,0,0.0,170,0.0
0.0,2025-07-23,0,96,0,0.0,1,0.007589009075174076
0.0,2025-07-23,0,96,0,0.0,2,0.0035026195731572662
0.0,2025-07-23,0,96,0,0.0,4,3.313227882263968e-53
0.0,2025-07-23,0,96,0,0.0,5,1.4852400851528127e-53
0.0,2025-07-23,0,96,0,0.0,7,4.4837436532915095e-54
0.0,2025-07-23,0,96,0,0.0,8,2.3734027682351422e-54
0.0,2025-07-23,0,96,0,0.0,10,1.30306605504822e-63
0.0,2025-07-23,0,96,0,0.0,12,1.3030660550482194e-63
0.0,2025-07-23,0,96,0,0.0,187,0.0
0.0,2024-03-26,0,97,0,0.0,1,0.012531614873155168
0.0,2024-03-26,0,97,0,0.0,2,0.008985893402057554
0.0,2024-03-26,0,97,0,0.0,3,0.003545721471097615
0.0,2024-03-26,0,97,0,0.0,4,0.0021783984004988006
0.0,2024-03-26,0,97,0,0.0,6,2.9230039419296256e-19
0.0,2024-03-26,0,97,0,0.0,175,0.0
0.0,2022-07-08,0,98,0,0.0,1,1.8788051346454895e-28
0.0,2022-07-08,0,98,0,0.0,2,1.252536756430326e-28
0.0,2022-07-08,0,98,0,0.0,115,0.0
0.0,2024-04-02,0,99,0,0.0,1,0.0016785255624176024
0.0,2024-04-02,0,99,0,0.0,2,5.6891901076702545e-18
0.0,2024-04-02,0,99,0,0.0,3,5.689190107670251e-18
0.0,2024-04-02,0,99,0,0.0,174,0.0
0.0,2023-04-17,0,100,0,0.0,2,0.013606551024171024
0.0,2023-04-17,0,100,0,0.0,3,0.0005502420653997855
0.0,2023-04-17,0,100,0,0.0,4,8.59815753721612e-60
0.0,2023-04-17,0,100,0,0.0,5,4.5672558483503694e-60
0.0,2023-04-17,0,100,0,0.0,9,4.030901688865751e-60
0.0,2023-04-17,0,100,0,0.0,191,0.0
0.0,2026-02-21,0,101,0,0.0,175,0.0
0.0,2025-08-23,0,102,0,0.0,1,0.004544164889164332
0.0,2025-08-23,0,102,0,0.0,2,0.004152268058160481
0.0,2025-08-23,0,102,0,0.0,3,0.00411866088100682
0.0,2025-08-23,0,102,0,0.0,4,0.004032382643710389
0.0,2025-08-23,0,102,0,0.0,6,0.002556955496586209
0.0,2025-08-23,0,102,0,0.0,7,0.0015953125615742727
0.0,2025-08-23,0,102,0,0.0,8,0.001519847625732243
0.0,2025-08-23,0,102,0,0.0,9,7.749150531862223e-05
0.0,2025-08-23,0,102,0,0.0,11,6.966118310382421e-05
0.0,2025-08-23,0,102,0,0.0,12,4.9688080903165795e-05
0.0,2025-08-23,0,102,0,0.0,13,4.185775868836778e-05
0.0,2025-08-23,0,102,0,0.0,14,2.780342441545643e-05
0.0,2025-08-23,0,102,0,0.0,15,3.824487358577221e-06
0.0,2025-08-23,0,102,0,0.0,133,0.0
0.0,2026-01-21,0,103,0,0.0,1,1.4885173235071668e-09
0.0,2026-01-21,0,103,0,0.0,3,1.3821946575423687e-09
0.0,2026-01-21,0,103,0,0.0,4,3.4927552959439023e-10
0.0,2026-01-21,0,103,0,0.0,145,0.0
0.0,2025-01-25,0,104,0,0.0,1,0.016191059990073208
0.0,2025-01-25,0,104,0,0.0,2,1.2247495393091838e-52
0.0,2025-01-25,0,104,0,0.0,3,4.740965958616197e-53
0.0,2025-01-25,0,104,0,0.0,179,0.0
0.0,2024-02-21,0,105,0,0.0,1,0.0027013480908109995
0.0,2024-02-21,0,105,0,0.0,2,0.0018100437936138512
0.0,2024-02-21,0,105,0,0.0,3,0.0017929931138306549
0.0,2024-02-21,0,105,0,0.0,4,0.000761427208371488
0.0,2024-02-21,0,105,0,0.0,6,0.0003985595543819508
0.0,2024-02-21,0,105,0,0.0,7,0.0003628676539895373
0.0,2024-02-21,0,105,0,0.0,8,1.705067978319627e-05
0.0,2024-02-21,0,105,0,0.0,104,0.0
0.0,2022-05-25,0,106,0,0.0,1,0.0035023559372736606
0.0,2022-05-25,0,106,0,0.0,2,0.00275552232388817
0.0,2022-05-25,0,106,0,0.0,3,0.002546732569385222
0.0,2022-05-25,0,106,0,0.0,4,0.0017733619493968472
0.0,2022-05-25,0,106,0,0.0,5,0.0016997230884364856
0.0,2022-05-25,0,106,0,0.0,6,0.0012142362462896565
0.0,2022-05-25,0,106,0,0.0,7,0.0004487790695412103
0.0,2022-05-25,0,106,0,0.0,8,0.00024780980782871406
0.0,2022-05-25,0,106,0,0.0,13,0.00024278169545313978
0.0,2022-05-25,0,106,0,0.0,14,0.00021536794715164067
0.0,2022-05-25,0,106,0,0.0,16,0.00020599737408807052
0.0,2022-05-25,0,106,0,0.0,17,1.3105967579750135e-05
0.0,2022-05-25,0,106,0,0.0,18,9.370573063570181e-06
0.0,2022-05-25,0,106,0,0.0,19,8.845753253325058e-06
0.0,2022-05-25,0,106,0,0.0,20,4.794246683687069e-06
0.0,2022-05-25,0,106,0,0.0,21,4.260214326425078e-06
0.0,2022-05-25,0,106,0,0.0,22,3.817640877750814e-06
0.0,2022-05-25,0,106,0,0.0,150,0.0
0.0,2025-07-23,0,107,0,0.0,1,0.006367718634032196
0.0,2025-07-23,0,107,0,0.0,2,0.005388913596173901
0.0,2025-07-23,0,107,0,0.0,3,0.005372306181361549
0.0,2025-07-23,0,107,0,0.0,4,0.003532993128212821
0.0,2025-07-23,0,107,0,0.0,6,0.003127127100467973
0.0,2025-07-23,0,107,0,0.0,7,0.0027192409569286717
0.0,2025-07-23,0,107,0,0.0,8,0.0024738221515549054
0.0,2025-07-23,0,107,0,0.0,9,0.0024105953317713523
0.0,2025-07-23,0,107,0,0.0,10,0.00022883093235090003
0.0,2025-07-23,0,107,0,0.0,11,0.00016672669591880554
0.0,2025-07-23,0,107,0,0.0,12,3.2468805576663056e-05
0.0,2025-07-23,0,107,0,0.0,184,0.0
0.0,2023-04-05,0,108,0,0.0,1,0.007405177025367067
0.0,2023-04-05,0,108,0,0.0,2,0.0067824159617561955
0.0,2023-04-05,0,108,0,0.0,3,0.005784358545761568
0.0,2023-04-05,0,108,0,0.0,4,0.003461591842460663
0.0,2023-04-05,0,108,0,0.0,5,0.0027266196369655706
0.0,2023-04-05,0,108,0,0.0,6,0.001817746424643714
0.0,2023-04-05,0,108,0,0.0,7,0.001611382046402527
0.0,2023-04-05,0,108,0,0.0,8,0.0014248542976217063
0.0,2023-04-05,0,108,0,0.0,9,0.0012904944902276427
0.0,2023-04-05,0,108,0,0.0,10,0.0012767735190732817
0.0,2023-04-05,0,108,0,0.0,11,0.0011872828831910628
0.0,2023-04-05,0,108,0,0.0,14,0.0009815830693076057
0.0,2023-04-05,0,108,0,0.0,15,0.0001312636131882014
0.0,2023-04-05,0,108,0,0.0,16,8.949063588221891e-05
0.0,2023-04-05,0,108,0,0.0,17,7.59376591980418e-05
0.0,2023-04-05,0,108,0,0.0,18,3.503110705149825e-05
0.0,2023-04-05,0,108,0,0.0,19,5.370785228536169e-06
0.0,2023-04-05,0,108,0,0.0,20,3.267271267296556e-07
0.0,2023-04-05,0,108,0,0.0,132,0.0
0.0,2025-03-03,0,109,0,0.0,68,0.0
0.0,2025-04-02,0,110,0,0.0,19,0.0
0.0,2023-12-04,0,111,0,0.0,1,0.003488745934373962
0.0,2023-12-04,0,111,0,0.0,2,0.0018937910820790635
0.0,2023-12-04,0,111,0,0.0,3,0.0017400660363986887
0.0,2023-12-04,0,111,0,0.0,4,0.001595282015611122
0.0,2023-12-04,0,111,0,0.0,5,0.0004946103703662544
0.0,2023-12-04,0,111,0,0.0,7,0.00044110580779440896
0.0,2023-12-04,0,111,0,0.0,8,2.6752281285922733e-05
0.0,2023-12-04,0,111,0,0.0,117,0.0
0.0,2025-04-02,0,112,1,0.0,1,1.2113762415297502e-09
1.0,2025-04-02,1,112,1,0.2,157,0.0
0.0,2024-07-16,0,113,0,0.0,1,0.0037215099381635664
0.0,2024-07-16,0,113,0,0.0,2,0.002791132453622675
0.0,2024-07-16,0,113,0,0.0,3,0.0023382367358246174
0.0,2024-07-16,0,113,0,0.0,5,0.0019936660383019105
0.0,2024-07-16,0,113,0,0.0,7,1.1841248151216342e-05
0.0,2024-07-16,0,113,0,0.0,8,1.8329566021032197e-07
0.0,2024-07-16,0,113,0,0.0,9,3.0642131646102454e-08
0.0,2024-07-16,0,113,0,0.0,133,0.0
0.0,2024-08-09,0,114,0,0.0,1,0.005875854219782036
0.0,2024-08-09,0,114,0,0.0,2,0.0047429847611342
0.0,2024-08-09,0,114,0,0.0,4,0.0030490616321577
0.0,2024-08-09,0,114,0,0.0,5,0.0013621957712465908
0.0,2024-08-09,0,114,0,0.0,6,0.0012935412984911455
0.0,2024-08-09,0,114,0,0.0,133,0.0
0.0,2026-01-21,0,115,0,0.0,113,0.0
0.0,2023-10-23,0,116,0,0.0,144,0.0
0.0,2024-03-16,0,117,0,0.0,1,0.0042706707373394185
0.0,2024-03-16,0,117,0,0.0,4,0.004076549340187627
0.0,2024-03-16,0,117,0,0.0,184,0.0
0.0,2026-02-12,0,118,0,0.0,1,0.00388281243105016
0.0,2026-02-12,0,118,0,0.0,139,0.0
0.0,2023-06-15,0,122,0,0.0,1,0.003268923946280212
0.0,2023-06-15,0,122,0,0.0,2,0.003063638387785638
0.0,2023-06-15,0,122,0,0.0,3,0.0029197188868281755
0.0,2023-06-15,0,122,0,0.0,4,0.0025914185450448836
0.0,2023-06-15,0,122,0,0.0,5,0.00243546812228247
0.0,2023-06-15,0,122,0,0.0,6,0.002179147539298903
0.0,2023-06-15,0,122,0,0.0,7,0.0017442147315786436
0.0,2023-06-15,0,122,0,0.0,8,0.0016442966498197904
0.0,2023-06-15,0,122,0,0.0,9,0.0015022423872857946
0.0,2023-06-15,0,122,0,0.0,10,0.0013472381193511578
0.0,2023-06-15,0,122,0,0.0,11,0.0013143544048119745
0.0,2023-06-15,0,122,0,0.0,12,0.0012057289348219365
0.0,2023-06-15,0,122,0,0.0,13,0.0011936018347809003
0.0,2023-06-15,0,122,0,0.0,14,0.0011791077831613986
0.0,2023-06-15,0,122,0,0.0,15,0.0011634522201464587
0.0,2023-06-15,0,122,0,0.0,16,0.0009216685589021465
0.0,2023-06-15,0,122,0,0.0,17,0.0009044509968703257
0.0,2023-06-15,0,122,0,0.0,18,0.0008794180035041548
0.0,2023-06-15,0,122,0,0.0,19,0.0008540107130645926
0.0,2023-06-15,0,122,0,0.0,20,0.000833622539720143
0.0,2023-06-15,0,122,0,0.0,21,0.0008078662579868491
0.0,2023-06-15,0,122,0,0.0,22,0.0007569913243134348
0.0,2023-06-15,0,122,0,0.0,23,0.0007342463325996846
0.0,2023-06-15,0,122,0,0.0,24,0.0006712176963905961
0.0,2023-06-15,0,122,0,0.0,25,0.0006571526924242804
0.0,2023-06-15,0,122,0,0.0,26,0.00065674805867366
0.0,2023-06-15,0,122,0,0.0,27,0.000653168183201306
0.0,2023-06-15,0,122,0,0.0,28,0.0006270098675439574
0.0,2023-06-15,0,122,0,0.0,29,0.0005903310150480012
0.0,2023-06-15,0,122,0,0.0,30,0.0005705517102187154
0.0,2023-06-15,0,122,0,0.0,31,0.0005521468163406923
0.0,2023-06-15,0,122,0,0.0,32,0.0004855776006840977
0.0,2023-06-15,0,122,0,0.0,33,0.0004834542910360314
0.0,2023-06-15,0,122,0,0.0,34,0.0004304726061016754
0.0,2023-06-15,0,122,0,0.0,35,0.00010680642693884344
0.0,2023-06-15,0,122,0,0.0,36,9.580146314622252e-05
0.0,2023-06-15,0,122,0,0.0,37,3.802177893054395e-05
0.0,2023-06-15,0,122,0,0.0,38,3.077823032784287e-05
0.0,2023-06-15,0,122,0,0.0,39,2.7950466648212722e-05
0.0,2023-06-15,0,122,0,0.0,40,2.3256284677919285e-05
0.0,2023-06-15,0,122,0,0.0,41,1.9531868167293494e-05
0.0,2023-06-15,0,122,0,0.0,42,1.73644619400388e-05
0.0,2023-06-15,0,122,0,0.0,44,1.4059308310948419e-05
0.0,2023-06-15,0,122,0,0.0,45,6.254246590413321e-06
0.0,2023-06-15,0,122,0,0.0,50,3.5798754723539367e-06
0.0,2023-06-15,0,122,0,0.0,51,6.107367091362887e-07
0.0,2023-06-15,0,122,0,0.0,52,2.783103991000809e-07
0.0,2023-06-15,0,122,0,0.0,54,2.8223424357106768e-08
0.0,2023-06-15,0,122,0,0.0,149,0.0
0.0,2023-06-16,0,123,0,0.0,1,0.005365776935264497
0.0,2023-06-16,0,123,0,0.0,2,0.0029011540456056104
0.0,2023-06-16,0,123,0,0.0,3,0.0009910507599352972
0.0,2023-06-16,0,123,0,0.0,4,0.0005772935444940148
0.0,2023-06-16,0,123,0,0.0,111,0.0
0.0,2023-06-15,0,124,0,0.0,97,0.0
0.0,2023-06-16,0,126,0,0.0,1,0.008326301795991918
0.0,2023-06-16,0,126,0,0.0,6,0.0077296486860563085
0.0,2023-06-16,0,126,0,0.0,7,0.0007360330133154748
0.0,2023-06-16,0,126,0,0.0,9,0.0004159445038233533
0.0,2023-06-16,0,126,0,0.0,10,0.00031253258139484266
0.0,2023-06-16,0,126,0,0.0,101,0.0
0.0,2023-09-20,0,130,0,0.0,2,0.00708661159066483
0.0,2023-09-20,0,130,0,0.0,3,0.00043069171148238286
0.0,2023-09-20,0,130,0,0.0,5,5.457326871123826e-06
0.0,2023-09-20,0,130,0,0.0,6,2.532771810984141e-57
0.0,2023-09-20,0,130,0,0.0,7,1.5478049956014194e-57
0.0,2023-09-20,0,130,0,0.0,9,7.331707873901461e-58
0.0,2023-09-20,0,130,0,0.0,170,0.0
1.0,2024-03-19,1,132,1,1.0,165,0.0
0.0,2024-03-22,0,133,0,0.0,1,0.02368499818197408
0.0,2024-03-22,0,133,0,0.0,2,1.009391237265982e-62
0.0,2024-03-22,0,133,0,0.0,5,8.290021560256507e-63
0.0,2024-03-22,0,133,0,0.0,191,0.0
0.0,2024-03-20,0,134,0,0.0,1,0.011146771744498376
0.0,2024-03-20,0,134,0,0.0,3,0.01091453831506422
0.0,2024-03-20,0,134,0,0.0,6,0.0062368790371795544
0.0,2024-03-20,0,134,0,0.0,7,0.0005336363781612295
0.0,2024-03-20,0,134,0,0.0,8,0.00044234938939839236
0.0,2024-03-20,0,134,0,0.0,9,0.00023223342943415602
0.0,2024-03-20,0,134,0,0.0,10,9.128698876283713e-05
0.0,2024-03-20,0,134,0,0.0,11,8.425702655207474e-05
0.0,2024-03-20,0,134,0,0.0,12,7.029962210762392e-06
0.0,2024-03-20,0,134,0,0.0,93,0.0
1.0,2024-09-26,1,135,1,0.3333333333333333,175,0.0
0.0,2023-06-09,0,136,0,0.0,1,0.01578989347831974
0.0,2023-06-09,0,136,0,0.0,2,0.001674239419422329
0.0,2023-06-09,0,136,0,0.0,3,0.0016487391527342935
0.0,2023-06-09,0,136,0,0.0,4,0.0016477675589002057
0.0,2023-06-09,0,136,0,0.0,5,0.0016228671447884736
0.0,2023-06-09,0,136,0,0.0,7,0.0016171517773342504
0.0,2023-06-09,0,136,0,0.0,8,0.00011219949076835787
0.0,2023-06-09,0,136,0,0.0,9,3.4981029375423266e-05
0.0,2023-06-09,0,136,0,0.0,10,3.251965939345921e-05
0.0,2023-06-09,0,136,0,0.0,11,3.042936207308135e-05
0.0,2023-06-09,0,136,0,0.0,12,2.987466346198149e-05
0.0,2023-06-09,0,136,0,0.0,13,2.6113074644759468e-05
0.0,2023-06-09,0,136,0,0.0,14,2.596425390161445e-05
0.0,2023-06-09,0,136,0,0.0,15,2.5898425442264878e-05
0.0,2023-06-09,0,136,0,0.0,16,2.4382048144451714e-05
0.0,2023-06-09,0,136,0,0.0,17,1.9997563443035194e-05
0.0,2023-06-09,0,136,0,0.0,18,8.19336486376758e-06
0.0,2023-06-09,0,136,0,0.0,19,5.498430164398182e-06
0.0,2023-06-09,0,136,0,0.0,20,4.996535150583934e-06
0.0,2023-06-09,0,136,0,0.0,21,4.372826151659807e-06
0.0,2023-06-09,0,136,0,0.0,22,4.27559558294348e-06
0.0,2023-06-09,0,136,0,0.0,23,4.207741302850346e-06
0.0,2023-06-09,0,136,0,0.0,24,4.165958785215196e-06
0.0,2023-06-09,0,136,0,0.0,25,4.163912474567438e-06
0.0,2023-06-09,0,136,0,0.0,27,4.1398665328530165e-06
0.0,2023-06-09,0,136,0,0.0,28,3.978284330364397e-06
0.0,2023-06-09,0,136,0,0.0,36,3.978284330364369e-06
0.0,2023-06-09,0,136,0,0.0,37,1.7370831238587143e-06
0.0,2023-06-09,0,136,0,0.0,38,2.3491171160958832e-07
0.0,2023-06-09,0,136,0,0.0,39,1.856281442030684e-07
0.0,2023-06-09,0,136,0,0.0,40,1.0695418302609492e-07
0.0,2023-06-09,0,136,0,0.0,41,6.992108064508729e-08
0.0,2023-06-09,0,136,0,0.0,42,6.787476999732947e-08
0.0,2023-06-09,0,136,0,0.0,186,0.0
0.0,2025-09-18,0,137,0,0.0,1,0.016348873787653116
0.0,2025-09-18,0,137,0,0.0,3,0.001159407158731191
0.0,2025-09-18,0,137,0,0.0,4,0.0011020741841101312
0.0,2025-09-18,0,137,0,0.0,5,0.0009724503860650839
0.0,2025-09-18,0,137,0,0.0,6,0.0009081577997083217
0.0,2025-09-18,0,137,0,0.0,7,0.0008712763275286885
0.0,2025-09-18,0,137,0,0.0,8,0.0008211033653170967
0.0,2025-09-18,0,137,0,0.0,9,0.0007983937147066339
0.0,2025-09-18,0,137,0,0.0,15,0.0007953506166966382
0.0,2025-09-18,0,137,0,0.0,16,0.00014056969603631818
0.0,2025-09-18,0,137,0,0.0,17,5.707154053289047e-05
0.0,2025-09-18,0,137,0,0.0,18,3.608371597725542e-05
0.0,2025-09-18,0,137,0,0.0,19,3.454555385878591e-05
0.0,2025-09-18,0,137,0,0.0,20,3.279959574180758e-05
0.0,2025-09-18,0,137,0,0.0,21,1.0292787382043184e-05
0.0,2025-09-18,0,137,0,0.0,22,7.870268582210474e-06
0.0,2025-09-18,0,137,0,0.0,23,5.671782533574363e-06
0.0,2025-09-18,0,137,0,0.0,24,5.618762661881411e-06
0.0,2025-09-18,0,137,0,0.0,25,2.4225187998327124e-06
0.0,2025-09-18,0,137,0,0.0,26,1.5314585205292982e-07
0.0,2025-09-18,0,137,0,0.0,177,0.0
0.0,2025-09-19,0,138,0,0.0,1,1.7059027777777773e-07
0.0,2025-09-19,0,138,0,0.0,2,1.1717787356321839e-07
0.0,2025-09-19,0,138,0,0.0,63,0.0
0.0,2025-09-04,0,139,0,0.0,4,0.002068516439573633
0.0,2025-09-04,0,139,0,0.0,5,0.00010978092112218944
0.0,2025-09-04,0,139,0,0.0,156,0.0
0.0,2024-05-29,0,140,0,0.0,1,0.006121512020008555
0.0,2024-05-29,0,140,0,0.0,2,0.003215074294627908
0.0,2024-05-29,0,140,0,0.0,4,0.0015427078541037675
0.0,2024-05-29,0,140,0,0.0,5,3.6386595488138373e-05
0.0,2024-05-29,0,140,0,0.0,7,2.816095175671786e-06
0.0,2024-05-29,0,140,0,0.0,155,0.0
0.0,2024-01-12,0,142,0,0.0,1,0.005105789057438384
0.0,2024-01-12,0,142,0,0.0,2,0.0035104093003893175
0.0,2024-01-12,0,142,0,0.0,3,0.002847937482560656
0.0,2024-01-12,0,142,0,0.0,4,0.0025410863969350817
0.0,2024-01-12,0,142,0,0.0,5,0.001973536353929157
0.0,2024-01-12,0,142,0,0.0,6,0.0018241169403764444
0.0,2024-01-12,0,142,0,0.0,7,0.0018108744507417543
0.0,2024-01-12,0,142,0,0.0,8,0.001378898178174738
0.0,2024-01-12,0,142,0,0.0,9,6.343641041299041e-05
0.0,2024-01-12,0,142,0,0.0,10,5.9153289414098936e-05
0.0,2024-01-12,0,142,0,0.0,11,4.907009436689347e-06
0.0,2024-01-12,0,142,0,0.0,12,3.872419956436966e-06
0.0,2024-01-12,0,142,0,0.0,178,0.0
0.0,2025-06-17,0,143,0,0.0,1,0.004288100973735357
0.0,2025-06-17,0,143,0,0.0,2,0.0035223439559271845
0.0,2025-06-17,0,143,0,0.0,3,0.00259391901330975
0.0,2025-06-17,0,143,0,0.0,5,0.002497454051437419
0.0,2025-06-17,0,143,0,0.0,6,0.0023154938486256464
0.0,2025-06-17,0,143,0,0.0,7,0.002273788968837605
0.0,2025-06-17,0,143,0,0.0,8,0.0022399837239178845
0.0,2025-06-17,0,143,0,0.0,9,0.002226127747109111
0.0,2025-06-17,0,143,0,0.0,10,0.0021902395705279245
0.0,2025-06-17,0,143,0,0.0,11,0.0021206384725174035
0.0,2025-06-17,0,143,0,0.0,12,0.002043716929697794
0.0,2025-06-17,0,143,0,0.0,13,0.0010283634329448196
0.0,2025-06-17,0,143,0,0.0,14,0.000954984848204707
0.0,2025-06-17,0,143,0,0.0,16,0.0009535733650942873
0.0,2025-06-17,0,143,0,0.0,17,0.00023716845881975482
0.0,2025-06-17,0,143,0,0.0,18,0.00014003938904898563
0.0,2025-06-17,0,143,0,0.0,19,9.002941838941297e-05
0.0,2025-06-17,0,143,0,0.0,21,8.835789929480675e-05
0.0,2025-06-17,0,143,0,0.0,22,8.664053219287528e-05
0.0,2025-06-17,0,143,0,0.0,24,4.974415338995987e-05
0.0,2025-06-17,0,143,0,0.0,25,4.762821523484771e-05
0.0,2025-06-17,0,143,0,0.0,26,3.6896378802915414e-05
0.0,2025-06-17,0,143,0,0.0,28,3.5888176581187036e-05
0.0,2025-06-17,0,143,0,0.0,29,1.94043644213622e-05
0.0,2025-06-17,0,143,0,0.0,30,1.0082022217283796e-06
0.0,2025-06-17,0,143,0,0.0,31,7.382578953831274e-35
0.0,2025-06-17,0,143,0,0.0,32,1.1505317850126662e-35
0.0,2025-06-17,0,143,0,0.0,33,6.026595064352061e-36
0.0,2025-06-17,0,143,0,0.0,40,4.23477771218758e-36
0.0,2025-06-17,0,143,0,0.0,177,0.0
0.0,2024-11-22,0,144,0,0.0,2,0.0015758132726363652
0.0,2024-11-22,0,144,0,0.0,132,0.0
0.0,2025-06-13,0,145,0,0.0,88,0.0
0.0,2024-05-03,0,146,0,0.0,93,0.0
0.0,2025-03-16,0,147,0,0.0,1,0.0017850399430070637
0.0,2025-03-16,0,147,0,0.0,2,0.0017834729194862607
0.0,2025-03-16,0,147,0,0.0,3,0.0015874856155341914
0.0,2025-03-16,0,147,0,0.0,4,0.0015692548987866351
0.0,2025-03-16,0,147,0,0.0,5,0.0014548038722953143
0.0,2025-03-16,0,147,0,0.0,6,0.0013500537751191025
0.0,2025-03-16,0,147,0,0.0,7,0.0011411962937763886
0.0,2025-03-16,0,147,0,0.0,8,0.0008800494792932193
0.0,2025-03-16,0,147,0,0.0,9,0.0006656088575091853
0.0,2025-03-16,0,147,0,0.0,10,0.0004959745779782008
0.0,2025-03-16,0,147,0,0.0,11,0.0004566433036275068
0.0,2025-03-16,0,147,0,0.0,12,0.0004562966117399448
0.0,2025-03-16,0,147,0,0.0,13,0.00041481948975277336
0.0,2025-03-16,0,147,0,0.0,14,0.00041481510158176797
0.0,2025-03-16,0,147,0,0.0,15,0.00040426438023126015
0.0,2025-03-16,0,147,0,0.0,16,0.00020949721729233875
0.0,2025-03-16,0,147,0,0.0,18,0.00020931037235777283
0.0,2025-03-16,0,147,0,0.0,19,1.2425486552615921e-05
0.0,2025-03-16,0,147,0,0.0,20,9.654002748287e-06
0.0,2025-03-16,0,147,0,0.0,23,9.457827575651616e-06
0.0,2025-03-16,0,147,0,0.0,24,1.9178700162999534e-07
0.0,2025-03-16,0,147,0,0.0,25,1.5490488593191934e-07
0.0,2025-03-16,0,147,0,0.0,121,0.0
0.0,2026-01-24,0,148,0,0.0,1,0.010876626013389115
0.0,2026-01-24,0,148,0,0.0,2,4.1380049824859e-18
0.0,2026-01-24,0,148,0,0.0,3,3.441328111846755e-18
0.0,2026-01-24,0,148,0,0.0,162,0.0
0.0,2025-10-15,0,149,0,0.0,2,0.0031371151630189033
0.0,2025-10-15,0,149,0,0.0,4,0.0025592255277259476
0.0,2025-10-15,0,149,0,0.0,5,4.93752352997738e-05
0.0,2025-10-15,0,149,0,0.0,158,0.0
0.0,2025-03-17,0,150,0,0.0,1,0.01074843359632747
0.0,2025-03-17,0,150,0,0.0,2,0.0025055044103997623
0.0,2025-03-17,0,150,0,0.0,4,0.0024659294067129797
0.0,2025-03-17,0,150,0,0.0,5,0.002339332767579404
0.0,2025-03-17,0,150,0,0.0,6,0.001118270312346584
0.0,2025-03-17,0,150,0,0.0,7,0.0010519429372846869
0.0,2025-03-17,0,150,0,0.0,8,0.0009856414668588688
0.0,2025-03-17,0,150,0,0.0,9,0.0007978301489497603
0.0,2025-03-17,0,150,0,0.0,12,0.0007450107655246859
0.0,2025-03-17,0,150,0,0.0,13,0.0003556684548447086
0.0,2025-03-17,0,150,0,0.0,14,0.00030858688223498295
0.0,2025-03-17,0,150,0,0.0,15,0.00024063070133418295
0.0,2025-03-17,0,150,0,0.0,16,0.00011056806340404314
0.0,2025-03-17,0,150,0,0.0,17,1.2017064508482986e-05
0.0,2025-03-17,0,150,0,0.0,185,0.0
0.0,2025-06-27,0,151,0,0.0,1,0.012491156332408639
0.0,2025-06-27,0,151,0,0.0,3,0.009790365774050014
0.0,2025-06-27,0,151,0,0.0,8,0.00012801414174482668
0.0,2025-06-27,0,151,0,0.0,9,3.1216914848895635e-06
0.0,2025-06-27,0,151,0,0.0,167,0.0
0.0,2024-08-12,0,152,0,0.0,197,0.0
0.0,2024-07-10,0,153,0,0.0,1,0.002592151693833347
0.0,2024-07-10,0,153,0,0.0,2,0.002418100461458069
0.0,2024-07-10,0,153,0,0.0,3,0.00157095390825467
0.0,2024-07-10,0,153,0,0.0,4,0.00015833159400901732
0.0,2024-07-10,0,153,0,0.0,109,0.0
0.0,2024-11-08,0,154,0,0.0,171,0.0
0.0,2024-06-13,0,155,0,0.0,1,0.01916502739959044
0.0,2024-06-13,0,155,0,0.0,3,0.0010191738363629895
0.0,2024-06-13,0,155,0,0.0,157,0.0
0.0,2026-02-02,0,156,0,0.0,112,0.0
0.0,2024-10-21,0,157,0,0.0,1,0.006785332305594585
0.0,2024-10-21,0,157,0,0.0,2,0.006658855047994056
0.0,2024-10-21,0,157,0,0.0,3,0.006641073659251979
0.0,2024-10-21,0,157,0,0.0,4,0.0030437251609743026
0.0,2024-10-21,0,157,0,0.0,5,0.0030081820287580835
0.0,2024-10-21,0,157,0,0.0,6,0.0026608322722932523
0.0,2024-10-21,0,157,0,0.0,7,0.002382235860779615
0.0,2024-10-21,0,157,0,0.0,8,0.002337079485288383
0.0,2024-10-21,0,157,0,0.0,9,0.002009276153541086
0.0,2024-10-21,0,157,0,0.0,10,0.0005351733805045583
0.0,2024-10-21,0,157,0,0.0,11,0.0005087324681298107
0.0,2024-10-21,0,157,0,0.0,12,0.00047331020912833125
0.0,2024-10-21,0,157,0,0.0,13,0.0003920532864592796
0.0,2024-10-21,0,157,0,0.0,14,0.00038723203759350377
0.0,2024-10-21,0,157,0,0.0,16,0.00038318045866246435
0.0,2024-10-21,0,157,0,0.0,17,0.0003828169722590177
0.0,2024-10-21,0,157,0,0.0,19,0.00037512481404553916
0.0,2024-10-21,0,157,0,0.0,33,0.00037149977396792286
0.0,2024-10-21,0,157,0,0.0,34,0.0001567909548310417
0.0,2024-10-21,0,157,0,0.0,35,6.803450538414943e-05
0.0,2024-10-21,0,157,0,0.0,36,3.075455919956741e-05
0.0,2024-10-21,0,157,0,0.0,37,2.3011823752151984e-05
0.0,2024-10-21,0,157,0,0.0,38,2.0553512491356703e-05
0.0,2024-10-21,0,157,0,0.0,39,1.7567152016554062e-05
0.0,2024-10-21,0,157,0,0.0,40,1.0512616225087363e-05
0.0,2024-10-21,0,157,0,0.0,41,8.56125827993854e-06
0.0,2024-10-21,0,157,0,0.0,42,7.692158213478558e-06
0.0,2024-10-21,0,157,0,0.0,43,6.856054059839584e-06
0.0,2024-10-21,0,157,0,0.0,44,5.83641968746367e-06
0.0,2024-10-21,0,157,0,0.0,45,5.170139127092146e-06
0.0,2024-10-21,0,157,0,0.0,47,3.032485449544432e-06
0.0,2024-10-21,0,157,0,0.0,48,7.102904624436283e-08
0.0,2024-10-21,0,157,0,0.0,49,3.490538629108371e-08
0.0,2024-10-21,0,157,0,0.0,159,0.0
0.0,2024-07-21,0,158,0,0.0,1,1.4927663438520114e-33
0.0,2024-07-21,0,158,0,0.0,2,1.0551545678792208e-33
0.0,2024-07-21,0,158,0,0.0,4,5.958418466939865e-34
0.0,2024-07-21,0,158,0,0.0,6,4.593127211852343e-34
0.0,2024-07-21,0,158,0,0.0,148,0.0
0.0,2024-03-31,0,159,0,0.0,1,0.005799067528797674
0.0,2024-03-31,0,159,0,0.0,2,0.005735944421813113
0.0,2024-03-31,0,159,0,0.0,3,0.00564651440924656
0.0,2024-03-31,0,159,0,0.0,4,0.005618229144499784
0.0,2024-03-31,0,159,0,0.0,5,0.0021402777693332506
0.0,2024-03-31,0,159,0,0.0,6,9.56934611324732e-05
0.0,2024-03-31,0,159,0,0.0,9,2.828526474677614e-05
0.0,2024-03-31,0,159,0,0.0,10,7.639195507913917e-55
0.0,2024-03-31,0,159,0,0.0,11,6.904896477721257e-55
0.0,2024-03-31,0,159,0,0.0,174,0.0
0.0,2025-10-01,0,160,0,0.0,6,0.0
0.0,2025-03-03,0,161,0,0.0,169,0.0
0.0,2025-03-05,0,162,0,0.0,1,0.005621441947882573
0.0,2025-03-05,0,162,0,0.0,169,0.0
0.0,2024-08-14,0,164,0,0.0,177,0.0
0.0,2023-10-19,0,165,0,0.0,1,0.0007551468978467992
0.0,2023-10-19,0,165,0,0.0,72,0.0
0.0,2024-02-26,0,166,1,0.0,1,0.004441330694380593
0.0,2024-02-26,0,166,1,0.0,2,0.0027234592738229436
0.0,2024-02-26,0,166,1,0.0,3,0.002343038878494701
0.0,2024-02-26,0,166,1,0.0,4,0.002274867859389772
0.0,2024-02-26,0,166,1,0.0,5,0.0020166497233007783
0.0,2024-02-26,0,166,1,0.0,6,0.0020067594649221692
0.0,2024-02-26,0,166,1,0.0,7,0.0019605786756279977
0.0,2024-02-26,0,166,1,0.0,8,0.0019369512643783544
0.0,2024-02-26,0,166,1,0.0,9,0.001671271857891541
0.0,2024-02-26,0,166,1,0.0,10,0.0015041290127200194
0.0,2024-02-26,0,166,1,0.0,11,0.00097601823964257
0.0,2024-02-26,0,166,1,0.0,12,0.0007991027954039562
0.0,2024-02-26,0,166,1,0.0,13,0.0007256190139748224
0.0,2024-02-26,0,166,1,0.0,14,0.0007194043364815324
0.0,2024-02-26,0,166,1,0.0,15,0.0007152847869788825
0.0,2024-02-26,0,166,1,0.0,16,0.0006212747737024603
0.0,2024-02-26,0,166,1,0.0,19,0.0006150600962091703
0.0,2024-02-26,0,166,1,0.0,20,0.0003345745683888181
0.0,2024-02-26,0,166,1,0.0,21,0.00011320619462767998
1.0,2024-02-26,1,166,1,0.3333333333333333,22,7.179035828490972e-05
1.0,2024-02-26,1,166,1,0.3333333333333333,23,5.280472644878657e-05
1.0,2024-02-26,1,166,1,0.3333333333333333,24,4.044681834806513e-05
1.0,2024-02-26,1,166,1,0.3333333333333333,25,3.123702612396836e-05
1.0,2024-02-26,1,166,1,0.3333333333333333,167,0.0
0.0,2023-07-25,0,167,0,0.0,1,0.013767754925410765
0.0,2023-07-25,0,167,0,0.0,2,0.0044512709168412976
0.0,2023-07-25,0,167,0,0.0,3,0.00373965824773506
0.0,2023-07-25,0,167,0,0.0,4,0.0028053823689368597
0.0,2023-07-25,0,167,0,0.0,5,0.0027593594837656754
0.0,2023-07-25,0,167,0,0.0,6,0.0023282095644272887
0.0,2023-07-25,0,167,0,0.0,7,0.0010263216491405692
0.0,2023-07-25,0,167,0,0.0,8,0.0009802987639693846
0.0,2023-07-25,0,167,0,0.0,9,7.06081859571955e-05
0.0,2023-07-25,0,167,0,0.0,10,4.602288517118442e-05
0.0,2023-07-25,0,167,0,0.0,176,0.0
0.0,2025-03-25,0,168,0,0.0,2,0.003861716553024139
0.0,2025-03-25,0,168,0,0.0,124,0.0
0.0,2024-11-21,0,169,0,0.0,1,0.011495670016894803
0.0,2024-11-21,0,169,0,0.0,3,0.006312958428888483
0.0,2024-11-21,0,169,0,0.0,4,0.0051827115880063186
0.0,2024-11-21,0,169,0,0.0,5,0.00017327001032635032
0.0,2024-11-21,0,169,0,0.0,6,3.067047012751542e-51
0.0,2024-11-21,0,169,0,0.0,7,1.7104296458719877e-51
0.0,2024-11-21,0,169,0,0.0,8,1.660122891581635e-51
0.0,2024-11-21,0,169,0,0.0,10,1.3566173668795544e-51
0.0,2024-11-21,0,169,0,0.0,196,0.0
0.0,2024-08-02,0,170,0,0.0,110,0.0
0.0,2025-05-28,0,171,0,0.0,184,0.0
0.0,2025-01-17,0,172,0,0.0,149,0.0
0.0,2022-03-30,0,173,0,0.0,1,0.004057645677823883
0.0,2022-03-30,0,173,0,0.0,2,0.003608014670281237
0.0,2022-03-30,0,173,0,0.0,3,0.0031316701257050996
0.0,2022-03-30,0,173,0,0.0,4,0.0011593273365211093
0.0,2022-03-30,0,173,0,0.0,8,0.00029131815122838137
0.0,2022-03-30,0,173,0,0.0,9,9.571561405919562e-05
0.0,2022-03-30,0,173,0,0.0,10,8.280903819701338e-05
0.0,2022-03-30,0,173,0,0.0,11,9.540014985476737e-06
0.0,2022-03-30,0,173,0,0.0,12,1.9267875025938141e-66
0.0,2022-03-30,0,173,0,0.0,13,6.561581883025662e-67
0.0,2022-03-30,0,173,0,0.0,14,3.055954299747411e-67
0.0,2022-03-30,0,173,0,0.0,15,2.5095649179846757e-67
0.0,2022-03-30,0,173,0,0.0,17,2.439195417178685e-67
0.0,2022-03-30,0,173,0,0.0,18,1.6731571381965346e-67
0.0,2022-03-30,0,173,0,0.0,19,8.364077797881411e-68
0.0,2022-03-30,0,173,0,0.0,101,0.0
0.0,2023-01-09,0,174,0,0.0,99,0.0
0.0,2025-04-06,0,175,0,0.0,39,0.0
0.0,2025-03-21,0,176,0,0.0,1,0.010498004319189534
0.0,2025-03-21,0,176,0,0.0,3,0.002879281221369809
0.0,2025-03-21,0,176,0,0.0,4,0.00021361138818257807
0.0,2025-03-21,0,176,0,0.0,5,6.604566158304129e-05
0.0,2025-03-21,0,176,0,0.0,160,0.0
0.0,2024-05-27,0,177,0,0.0,1,0.008438404299110231
0.0,2024-05-27,0,177,0,0.0,2,0.008431327887452288
0.0,2024-05-27,0,177,0,0.0,3,0.008090852132537555
0.0,2024-05-27,0,177,0,0.0,4,0.0044397329400635635
0.0,2024-05-27,0,177,0,0.0,5,0.004438718790247856
0.0,2024-05-27,0,177,0,0.0,6,0.004432324597366959
0.0,2024-05-27,0,177,0,0.0,8,0.003651086778624314
0.0,2024-05-27,0,177,0,0.0,9,0.0022353745751297243
0.0,2024-05-27,0,177,0,0.0,10,6.884992875108963e-05
0.0,2024-05-27,0,177,0,0.0,11,5.844412862514272e-05
0.0,2024-05-27,0,177,0,0.0,12,5.742997880943604e-05
0.0,2024-05-27,0,177,0,0.0,15,9.930808134160874e-07
0.0,2024-05-27,0,177,0,0.0,16,7.19851418110375e-39
0.0,2024-05-27,0,177,0,0.0,17,4.4639452670335155e-39
0.0,2024-05-27,0,177,0,0.0,20,3.690493921650789e-39
0.0,2024-05-27,0,177,0,0.0,21,3.508020259452961e-39
0.0,2024-05-27,0,177,0,0.0,22,2.6844653697468394e-39
0.0,2024-05-27,0,177,0,0.0,23,4.738161136595673e-40
0.0,2024-05-27,0,177,0,0.0,24,4.187077236402923e-40
0.0,2024-05-27,0,177,0,0.0,25,3.5474362174243425e-40
0.0,2024-05-27,0,177,0,0.0,188,0.0
0.0,2024-02-16,0,178,0,0.0,1,0.008447551685747321
0.0,2024-02-16,0,178,0,0.0,2,0.004983958436130914
0.0,2024-02-16,0,178,0,0.0,4,0.004732758328048311
0.0,2024-02-16,0,178,0,0.0,5,0.001835151188426896
0.0,2024-02-16,0,178,0,0.0,6,0.0006552994260192442
0.0,2024-02-16,0,178,0,0.0,8,0.00023516457018548604
0.0,2024-02-16,0,178,0,0.0,135,0.0
0.0,2024-10-29,0,179,0,0.0,130,0.0
0.0,2025-09-20,0,180,0,0.0,154,0.0
